SECUENCIA;PAIS;DEPARTAMENTO;MUNICIPIO;EMPRESA;AREA ENCARGADA;COORDINACION;TIPO_PQRS;TIPO_ACTIVIDAD;AÑO;ENE;FEB;MAR;ABR;MAY;JUN;JUL;AGO;SEP;OCT;NOV;DIC;TOTAL
1;COLOMBIA;ANTIOQUIA;ENVIGADO;ENVIASEO E.S.P;DIRECCIÓN COMERCIAL;COORDINACIÓN CARTERA Y PQRSD;PETICIONES;AFORO EXTRAORDINARIO MULTIUSUARIO;2018;1;0;0;0;7;0;0;0;0;1;0;0;9
2;COLOMBIA;ANTIOQUIA;ENVIGADO;ENVIASEO E.S.P;DIRECCIÓN COMERCIAL;COORDINACIÓN CARTERA Y PQRSD;PETICIONES;AFORO MULTIUSUARIO;2018;1;0;0;0;0;0;0;0;0;0;0;0;1
3;COLOMBIA;ANTIOQUIA;ENVIGADO;ENVIASEO E.S.P;DIRECCIÓN COMERCIAL;COORDINACIÓN CARTERA Y PQRSD;PETICIONES;AFORO SERVICIO ESPECIAL;2018;485;412;371;473;480;411;512;433;444;454;486;433;5,394
4;COLOMBIA;ANTIOQUIA;ENVIGADO;ENVIASEO E.S.P;DIRECCIÓN COMERCIAL;COORDINACIÓN CARTERA Y PQRSD;PETICIONES;ATENDER EVENTO O CABALGATA;2018;0;2;0;1;0;1;1;2;1;0;0;0;8
5;COLOMBIA;ANTIOQUIA;ENVIGADO;ENVIASEO E.S.P;DIRECCIÓN COMERCIAL;COORDINACIÓN CARTERA Y PQRSD;PETICIONES;CAMBIO FRECUENCIA RUTA HOSPITALARIA;2018;0;0;0;1;0;1;0;0;0;0;0;0;2
6;COLOMBIA;ANTIOQUIA;ENVIGADO;ENVIASEO E.S.P;DIRECCIÓN COMERCIAL;COORDINACIÓN CARTERA Y PQRSD;PETICIONES;CAMBIO FRECUENCIA SERVICIO ORDINARIO;2018;0;0;0;0;0;0;0;0;0;0;0;1;1
7;COLOMBIA;ANTIOQUIA;ENVIGADO;ENVIASEO E.S.P;DIRECCIÓN COMERCIAL;COORDINACIÓN CARTERA Y PQRSD;PETICIONES;CAMPAÑA EDUCATIVA;2018;5;4;3;10;7;11;5;6;4;7;6;7;75
8;COLOMBIA;ANTIOQUIA;ENVIGADO;ENVIASEO E.S.P;DIRECCIÓN COMERCIAL;COORDINACIÓN CARTERA Y PQRSD;PETICIONES;COBRO DE CONTENEDORES;2018;0;0;0;0;0;0;0;0;3;0;0;0;3
9;COLOMBIA;ANTIOQUIA;ENVIGADO;ENVIASEO E.S.P;DIRECCIÓN COMERCIAL;COORDINACIÓN CARTERA Y PQRSD;PETICIONES;COTIZAR EVENTO ESPECIAL;2018;0;1;0;0;0;0;0;0;0;0;0;0;1
10;COLOMBIA;ANTIOQUIA;ENVIGADO;ENVIASEO E.S.P;DIRECCIÓN COMERCIAL;COORDINACIÓN CARTERA Y PQRSD;PETICIONES;DERECHO DE PETICION;2018;18;6;0;6;8;0;0;3;0;1;0;0;42
11;COLOMBIA;ANTIOQUIA;ENVIGADO;ENVIASEO E.S.P;DIRECCIÓN COMERCIAL;COORDINACIÓN CARTERA Y PQRSD;PETICIONES;DEVOLUCION DE CONTENEDORES;2018;0;1;2;0;1;1;2;0;0;0;1;0;8
12;COLOMBIA;ANTIOQUIA;ENVIGADO;ENVIASEO E.S.P;DIRECCIÓN COMERCIAL;COORDINACIÓN CARTERA Y PQRSD;PETICIONES;FACTURACION ASESORIAS AMBIENTALES;2018;0;0;0;4;0;2;2;0;2;0;2;2;14
13;COLOMBIA;ANTIOQUIA;ENVIGADO;ENVIASEO E.S.P;DIRECCIÓN COMERCIAL;COORDINACIÓN CARTERA Y PQRSD;PETICIONES;INFORMACION A MULTIUSUARIO;2018;0;0;0;1;0;0;0;0;0;0;0;0;1
14;COLOMBIA;ANTIOQUIA;ENVIGADO;ENVIASEO E.S.P;DIRECCIÓN COMERCIAL;COORDINACIÓN CARTERA Y PQRSD;PETICIONES;MANTENIMIENTO DE CONTENEDORES;2018;1;0;3;1;10;3;0;1;1;0;0;0;20
15;COLOMBIA;ANTIOQUIA;ENVIGADO;ENVIASEO E.S.P;DIRECCIÓN COMERCIAL;COORDINACIÓN CARTERA Y PQRSD;PETICIONES;MANTENIMIENTO DE ZONAS VERDES;2018;0;0;0;0;0;0;0;0;1;0;0;0;1
16;COLOMBIA;ANTIOQUIA;ENVIGADO;ENVIASEO E.S.P;DIRECCIÓN COMERCIAL;COORDINACIÓN CARTERA Y PQRSD;PETICIONES;NOVEDADES IDENTIFICADAS POR ENVIASEO;2018;7;7;3;2;1;3;5;2;2;2;1;1;36
17;COLOMBIA;ANTIOQUIA;ENVIGADO;ENVIASEO E.S.P;DIRECCIÓN COMERCIAL;COORDINACIÓN CARTERA Y PQRSD;PETICIONES;RETIRO CANASTILLA O CONTENEDOR;2018;1;0;0;2;2;0;2;1;0;0;1;1;10
18;COLOMBIA;ANTIOQUIA;ENVIGADO;ENVIASEO E.S.P;DIRECCIÓN COMERCIAL;COORDINACIÓN CARTERA Y PQRSD;PETICIONES;RETIRO DE RUTA HOSPITALARIA;2018;1;1;0;6;6;21;4;25;4;1;4;2;75
19;COLOMBIA;ANTIOQUIA;ENVIGADO;ENVIASEO E.S.P;DIRECCIÓN COMERCIAL;COORDINACIÓN CARTERA Y PQRSD;PETICIONES;RETIRO DEL SERVICIO ORDINARIO O ESPECIAL;2018;0;0;0;1;1;0;0;0;0;0;0;0;2
20;COLOMBIA;ANTIOQUIA;ENVIGADO;ENVIASEO E.S.P;DIRECCIÓN COMERCIAL;COORDINACIÓN CARTERA Y PQRSD;PETICIONES;SERVICIO ESPECIAL RUTA HOSPITALARIA;2018;29;30;30;31;35;34;28;29;55;19;31;29;380
21;COLOMBIA;ANTIOQUIA;ENVIGADO;ENVIASEO E.S.P;DIRECCIÓN COMERCIAL;COORDINACIÓN CARTERA Y PQRSD;PETICIONES;SOLICITUD ASESORIA Y CONSULTORIA;2018;0;0;1;0;0;0;2;0;0;0;0;1;4
22;COLOMBIA;ANTIOQUIA;ENVIGADO;ENVIASEO E.S.P;DIRECCIÓN COMERCIAL;COORDINACIÓN CARTERA Y PQRSD;PETICIONES;SOLICITUD BARRIDO;2018;0;0;0;1;1;0;0;0;0;0;0;0;2
23;COLOMBIA;ANTIOQUIA;ENVIGADO;ENVIASEO E.S.P;DIRECCIÓN COMERCIAL;COORDINACIÓN CARTERA Y PQRSD;PETICIONES;SOLICITUD CAJAS ESTACIONARIAS;2018;0;0;4;1;0;0;0;0;0;0;0;0;5
24;COLOMBIA;ANTIOQUIA;ENVIGADO;ENVIASEO E.S.P;DIRECCIÓN COMERCIAL;COORDINACIÓN CARTERA Y PQRSD;PETICIONES;SOLICITUD CANASTILLA PEATONAL;2018;1;1;0;0;0;0;1;3;1;1;0;1;9
25;COLOMBIA;ANTIOQUIA;ENVIGADO;ENVIASEO E.S.P;DIRECCIÓN COMERCIAL;COORDINACIÓN CARTERA Y PQRSD;PETICIONES;SOLICITUD CONTENEDORES;2018;2;2;0;1;0;0;0;8;7;6;4;3;33
26;COLOMBIA;ANTIOQUIA;ENVIGADO;ENVIASEO E.S.P;DIRECCIÓN COMERCIAL;COORDINACIÓN CARTERA Y PQRSD;PETICIONES;SOLICITUD CONTRATO CLIENTE NUEVO R.H;2018;2;0;0;18;13;41;0;25;14;0;4;3;120
27;COLOMBIA;ANTIOQUIA;ENVIGADO;ENVIASEO E.S.P;DIRECCIÓN COMERCIAL;COORDINACIÓN CARTERA Y PQRSD;PETICIONES;SOLICITUD INFORMACION;2018;2;4;4;5;5;5;3;12;3;6;4;8;61
28;COLOMBIA;ANTIOQUIA;ENVIGADO;ENVIASEO E.S.P;DIRECCIÓN COMERCIAL;COORDINACIÓN CARTERA Y PQRSD;PETICIONES;SOLICITUD RECOLECCION CLANDESTINO;2018;9;5;6;4;5;0;3;3;4;6;6;18;69
29;COLOMBIA;ANTIOQUIA;ENVIGADO;ENVIASEO E.S.P;DIRECCIÓN COMERCIAL;COORDINACIÓN CARTERA Y PQRSD;PETICIONES;SOLICITUD RECOLECCION ORDINARIA;2018;0;1;2;5;8;2;3;4;5;2;4;0;36
30;COLOMBIA;ANTIOQUIA;ENVIGADO;ENVIASEO E.S.P;DIRECCIÓN COMERCIAL;COORDINACIÓN CARTERA Y PQRSD;PETICIONES;SOLICITUD RECOLECCION R. H.;2018;2;1;2;4;3;41;8;4;3;4;3;2;77
31;COLOMBIA;ANTIOQUIA;ENVIGADO;ENVIASEO E.S.P;DIRECCIÓN COMERCIAL;COORDINACIÓN CARTERA Y PQRSD;PETICIONES;SOLICITUD RECOLECCION SERVICIO ESPECIAL;2018;58;74;74;82;70;62;57;64;45;26;57;39;708
32;COLOMBIA;ANTIOQUIA;ENVIGADO;ENVIASEO E.S.P;DIRECCIÓN COMERCIAL;COORDINACIÓN CARTERA Y PQRSD;QUEJAS;EL VEHICULO PASO Y NO RECOGIO LA BASURA;2018;1;2;2;1;3;1;1;7;2;0;2;0;22
33;COLOMBIA;ANTIOQUIA;ENVIGADO;ENVIASEO E.S.P;DIRECCIÓN COMERCIAL;COORDINACIÓN CARTERA Y PQRSD;QUEJAS;FUNCIONARIO AREA ADMINISTRATIVA;2018;1;0;0;0;0;0;0;1;0;0;0;0;2
34;COLOMBIA;ANTIOQUIA;ENVIGADO;ENVIASEO E.S.P;DIRECCIÓN COMERCIAL;COORDINACIÓN CARTERA Y PQRSD;QUEJAS;FUNCIONARIO AREA OPERATIVA;2018;1;2;1;0;2;4;1;0;3;0;2;0;16
35;COLOMBIA;ANTIOQUIA;ENVIGADO;ENVIASEO E.S.P;DIRECCIÓN COMERCIAL;COORDINACIÓN CARTERA Y PQRSD;QUEJAS;GENERACION DE RUIDO BARRIDO CON BLOWER;2018;1;1;2;0;1;3;0;1;1;0;0;0;10
36;COLOMBIA;ANTIOQUIA;ENVIGADO;ENVIASEO E.S.P;DIRECCIÓN COMERCIAL;COORDINACIÓN CARTERA Y PQRSD;QUEJAS;INCUMPLIMIENTO FREC RECOLECCION ORDINARI;2018;0;2;0;0;0;2;2;1;2;0;1;1;11
37;COLOMBIA;ANTIOQUIA;ENVIGADO;ENVIASEO E.S.P;DIRECCIÓN COMERCIAL;COORDINACIÓN CARTERA Y PQRSD;QUEJAS;INCUMPLIMIENTO FRECUENCIA DE BARRIDO;2018;4;6;0;1;2;0;3;7;3;1;2;6;35
38;COLOMBIA;ANTIOQUIA;ENVIGADO;ENVIASEO E.S.P;DIRECCIÓN COMERCIAL;COORDINACIÓN CARTERA Y PQRSD;QUEJAS;MAL BARRIDO MANUAL (ESCOBITAS);2018;0;3;1;1;0;3;2;3;2;0;2;3;20
39;COLOMBIA;ANTIOQUIA;ENVIGADO;ENVIASEO E.S.P;DIRECCIÓN COMERCIAL;COORDINACIÓN CARTERA Y PQRSD;QUEJAS;MAL BARRIDO MECANICO;2018;3;2;2;0;0;0;2;0;3;0;0;0;12
40;COLOMBIA;ANTIOQUIA;ENVIGADO;ENVIASEO E.S.P;DIRECCIÓN COMERCIAL;COORDINACIÓN CARTERA Y PQRSD;QUEJAS;NO BARRE CUNETAS, ZONA VERDE, CALLEJON;2018;0;0;0;0;0;0;0;2;3;0;1;0;6
41;COLOMBIA;ANTIOQUIA;ENVIGADO;ENVIASEO E.S.P;DIRECCIÓN COMERCIAL;COORDINACIÓN CARTERA Y PQRSD;QUEJAS;NO HAN RECOGIDO BOLSAS DE BARRIDO;2018;1;1;0;0;0;0;0;0;0;0;0;0;2
42;COLOMBIA;ANTIOQUIA;ENVIGADO;ENVIASEO E.S.P;DIRECCIÓN COMERCIAL;COORDINACIÓN CARTERA Y PQRSD;QUEJAS;NO RECOGEN LA BASURA REGADA;2018;0;0;0;1;0;0;0;1;0;0;0;1;3
43;COLOMBIA;ANTIOQUIA;ENVIGADO;ENVIASEO E.S.P;DIRECCIÓN COMERCIAL;COORDINACIÓN CARTERA Y PQRSD;QUEJAS;RETRASO DEL VEHICULO RECOLECTOR;2018;0;0;0;0;0;0;0;0;1;0;1;0;2
44;COLOMBIA;ANTIOQUIA;ENVIGADO;ENVIASEO E.S.P;DIRECCIÓN COMERCIAL;COORDINACIÓN CARTERA Y PQRSD;RECLAMOS;AFORO EXTRAORDINARIO;2018;1;2;0;6;1;1;4;2;0;3;1;1;22
45;COLOMBIA;ANTIOQUIA;ENVIGADO;ENVIASEO E.S.P;DIRECCIÓN COMERCIAL;COORDINACIÓN CARTERA Y PQRSD;RECLAMOS;CAMBIO DE FACTURA LOCAL DESOCUPADO;2018;11;11;8;13;8;14;20;24;22;18;24;17;190
46;COLOMBIA;ANTIOQUIA;ENVIGADO;ENVIASEO E.S.P;DIRECCIÓN COMERCIAL;COORDINACIÓN CARTERA Y PQRSD;RECLAMOS;CAMBIO DE FACTURA POR DOBLE COBRO;2018;1;0;0;0;3;0;0;2;5;8;4;1;24
47;COLOMBIA;ANTIOQUIA;ENVIGADO;ENVIASEO E.S.P;DIRECCIÓN COMERCIAL;COORDINACIÓN CARTERA Y PQRSD;RECLAMOS;CAMBIO DE FACTURA POR RESULTADO DE AFORO;2018;1;3;2;0;3;2;1;4;11;3;5;6;41
48;COLOMBIA;ANTIOQUIA;ENVIGADO;ENVIASEO E.S.P;DIRECCIÓN COMERCIAL;COORDINACIÓN CARTERA Y PQRSD;RECLAMOS;CAMBIO DE FACTURA SERVICIO ESPECIAL EPM;2018;1;2;2;3;1;4;5;1;5;7;5;2;38
49;COLOMBIA;ANTIOQUIA;ENVIGADO;ENVIASEO E.S.P;DIRECCIÓN COMERCIAL;COORDINACIÓN CARTERA Y PQRSD;RECLAMOS;DEVOLUCION POR AREAS COMUNES;2018;1;0;1;0;1;2;3;2;7;3;0;3;23
50;COLOMBIA;ANTIOQUIA;ENVIGADO;ENVIASEO E.S.P;DIRECCIÓN COMERCIAL;COORDINACIÓN CARTERA Y PQRSD;RECLAMOS;DEVOLUCION POR COBRO DE MAS DEL SER. ESP;2018;0;0;1;1;0;1;0;0;0;0;0;1;4
51;COLOMBIA;ANTIOQUIA;ENVIGADO;ENVIASEO E.S.P;DIRECCIÓN COMERCIAL;COORDINACIÓN CARTERA Y PQRSD;RECLAMOS;DEVOLUCION POR COBRO NO AUTORIZADO;2018;0;0;0;0;0;0;1;6;1;0;0;0;8
52;COLOMBIA;ANTIOQUIA;ENVIGADO;ENVIASEO E.S.P;DIRECCIÓN COMERCIAL;COORDINACIÓN CARTERA Y PQRSD;RECLAMOS;DEVOLUCION POR DOBLE COBRO;2018;0;0;4;1;2;1;0;1;0;1;0;1;11
53;COLOMBIA;ANTIOQUIA;ENVIGADO;ENVIASEO E.S.P;DIRECCIÓN COMERCIAL;COORDINACIÓN CARTERA Y PQRSD;RECLAMOS;DEVOLUCION POR LOCAL DESOCUPADO;2018;0;0;0;0;0;0;0;4;0;0;0;0;4
54;COLOMBIA;ANTIOQUIA;ENVIGADO;ENVIASEO E.S.P;DIRECCIÓN COMERCIAL;COORDINACIÓN CARTERA Y PQRSD;RECLAMOS;DEVOLUCION POR RESULTADO DE AFORO;2018;1;0;0;0;0;0;1;0;0;0;0;0;2
55;COLOMBIA;ANTIOQUIA;ENVIGADO;ENVIASEO E.S.P;DIRECCIÓN COMERCIAL;COORDINACIÓN CARTERA Y PQRSD;RECLAMOS;NO RECOLECCION PUERTA A PUERTA;2018;0;0;0;0;0;0;0;0;0;1;0;0;1
56;COLOMBIA;ANTIOQUIA;ENVIGADO;ENVIASEO E.S.P;DIRECCIÓN COMERCIAL;COORDINACIÓN CARTERA Y PQRSD;RECLAMOS;NOTAS CREDITOS Y DEBITOS;2018;2;3;5;6;2;4;4;3;2;4;2;7;44
57;COLOMBIA;ANTIOQUIA;ENVIGADO;ENVIASEO E.S.P;DIRECCIÓN COMERCIAL;COORDINACIÓN CARTERA Y PQRSD;RECLAMOS;RECLAMACION POR RECATEGORIZACION;2018;14;16;16;17;15;20;22;21;18;19;16;9;203
58;COLOMBIA;ANTIOQUIA;ENVIGADO;ENVIASEO E.S.P;DIRECCIÓN COMERCIAL;COORDINACIÓN CARTERA Y PQRSD;RECLAMOS;RECLAMO POR RETIRO DE CONTADOR;2018;2;1;0;2;5;3;1;3;3;1;3;1;25
59;COLOMBIA;ANTIOQUIA;ENVIGADO;ENVIASEO E.S.P;DIRECCIÓN COMERCIAL;COORDINACIÓN CARTERA Y PQRSD;RECLAMOS;RECURSO DE REPOSICION;2018;4;0;0;0;0;0;0;0;0;0;0;0;4
60;COLOMBIA;ANTIOQUIA;ENVIGADO;ENVIASEO E.S.P;DIRECCIÓN COMERCIAL;COORDINACIÓN CARTERA Y PQRSD;RECLAMOS;RECURSO DE REPOSICION Y  APELACION;2018;4;1;0;0;1;0;0;0;0;0;0;0;6
61;COLOMBIA;ANTIOQUIA;ENVIGADO;ENVIASEO E.S.P;DIRECCIÓN COMERCIAL;COORDINACIÓN CARTERA Y PQRSD;RECLAMOS;VERIFICAR COBRO EN LA FACTURA;2018;0;1;1;2;1;1;1;9;11;8;6;4;45
62;COLOMBIA;ANTIOQUIA;ENVIGADO;ENVIASEO E.S.P;DIRECCIÓN COMERCIAL;COORDINACIÓN CARTERA Y PQRSD;PETICIONES;AFORO MULTIUSUARIO;2019;0;0;0;0;0;0;0;0;1;0;0;0;1
63;COLOMBIA;ANTIOQUIA;ENVIGADO;ENVIASEO E.S.P;DIRECCIÓN COMERCIAL;COORDINACIÓN CARTERA Y PQRSD;PETICIONES;AFORO SERVICIO ESPECIAL;2019;520;502;512;506;535;496;629;598;529;595;627;593;6,642
64;COLOMBIA;ANTIOQUIA;ENVIGADO;ENVIASEO E.S.P;DIRECCIÓN COMERCIAL;COORDINACIÓN CARTERA Y PQRSD;PETICIONES;ATENDER EVENTO O CABALGATA;2019;0;2;1;1;4;0;1;3;1;0;0;0;13
65;COLOMBIA;ANTIOQUIA;ENVIGADO;ENVIASEO E.S.P;DIRECCIÓN COMERCIAL;COORDINACIÓN CARTERA Y PQRSD;PETICIONES;CAMBIO FRECUENCIA RUTA HOSPITALARIA;2019;0;0;0;0;0;2;0;1;0;0;0;0;3
66;COLOMBIA;ANTIOQUIA;ENVIGADO;ENVIASEO E.S.P;DIRECCIÓN COMERCIAL;COORDINACIÓN CARTERA Y PQRSD;PETICIONES;CAMPAÑA EDUCATIVA;2019;2;17;22;6;7;5;10;10;11;10;12;3;115
67;COLOMBIA;ANTIOQUIA;ENVIGADO;ENVIASEO E.S.P;DIRECCIÓN COMERCIAL;COORDINACIÓN CARTERA Y PQRSD;PETICIONES;CONTRATO CLIENTE NUEVO ORDINARIO;2019;0;0;0;0;0;0;0;0;0;1;0;0;1
68;COLOMBIA;ANTIOQUIA;ENVIGADO;ENVIASEO E.S.P;DIRECCIÓN COMERCIAL;COORDINACIÓN CARTERA Y PQRSD;PETICIONES;DERECHO DE PETICION;2019;0;0;0;0;0;0;0;0;1;1;0;0;2
69;COLOMBIA;ANTIOQUIA;ENVIGADO;ENVIASEO E.S.P;DIRECCIÓN COMERCIAL;COORDINACIÓN CARTERA Y PQRSD;PETICIONES;DEVOLUCION DE CONTENEDORES;2019;1;0;0;0;3;1;0;1;0;0;0;0;6
70;COLOMBIA;ANTIOQUIA;ENVIGADO;ENVIASEO E.S.P;DIRECCIÓN COMERCIAL;COORDINACIÓN CARTERA Y PQRSD;PETICIONES;FACTURACION ASESORIAS AMBIENTALES;2019;3;2;13;1;1;1;1;2;3;1;3;1;32
71;COLOMBIA;ANTIOQUIA;ENVIGADO;ENVIASEO E.S.P;DIRECCIÓN COMERCIAL;COORDINACIÓN CARTERA Y PQRSD;PETICIONES;MANTENIMIENTO DE CONTENEDORES;2019;0;2;1;0;0;0;0;0;0;0;0;0;3
72;COLOMBIA;ANTIOQUIA;ENVIGADO;ENVIASEO E.S.P;DIRECCIÓN COMERCIAL;COORDINACIÓN CARTERA Y PQRSD;PETICIONES;MANTENIMIENTO DE ZONAS VERDES;2019;0;0;1;1;0;0;0;3;0;0;0;0;5
73;COLOMBIA;ANTIOQUIA;ENVIGADO;ENVIASEO E.S.P;DIRECCIÓN COMERCIAL;COORDINACIÓN CARTERA Y PQRSD;PETICIONES;NOVEDADES IDENTIFICADAS POR ENVIASEO;2019;3;4;16;2;2;1;2;5;4;3;4;1;47
74;COLOMBIA;ANTIOQUIA;ENVIGADO;ENVIASEO E.S.P;DIRECCIÓN COMERCIAL;COORDINACIÓN CARTERA Y PQRSD;PETICIONES;RETIRO CANASTILLA O CONTENEDOR;2019;1;1;0;0;1;1;2;0;1;1;0;1;9
75;COLOMBIA;ANTIOQUIA;ENVIGADO;ENVIASEO E.S.P;DIRECCIÓN COMERCIAL;COORDINACIÓN CARTERA Y PQRSD;PETICIONES;RETIRO DE RUTA HOSPITALARIA;2019;19;6;5;33;2;11;1;31;4;21;8;0;141
76;COLOMBIA;ANTIOQUIA;ENVIGADO;ENVIASEO E.S.P;DIRECCIÓN COMERCIAL;COORDINACIÓN CARTERA Y PQRSD;PETICIONES;RETIRO DEL SERVICIO ORDINARIO O ESPECIAL;2019;0;0;0;0;0;1;0;0;1;0;0;0;2
77;COLOMBIA;ANTIOQUIA;ENVIGADO;ENVIASEO E.S.P;DIRECCIÓN COMERCIAL;COORDINACIÓN CARTERA Y PQRSD;PETICIONES;SERVICIO ESPECIAL RUTA HOSPITALARIA;2019;36;49;32;25;58;40;42;22;44;51;25;30;454
78;COLOMBIA;ANTIOQUIA;ENVIGADO;ENVIASEO E.S.P;DIRECCIÓN COMERCIAL;COORDINACIÓN CARTERA Y PQRSD;PETICIONES;SOLICITUD ASESORIA Y CONSULTORIA;2019;0;0;0;1;0;1;0;0;0;0;0;0;2
79;COLOMBIA;ANTIOQUIA;ENVIGADO;ENVIASEO E.S.P;DIRECCIÓN COMERCIAL;COORDINACIÓN CARTERA Y PQRSD;PETICIONES;SOLICITUD BARRIDO;2019;1;1;0;2;0;0;0;0;1;0;0;0;5
80;COLOMBIA;ANTIOQUIA;ENVIGADO;ENVIASEO E.S.P;DIRECCIÓN COMERCIAL;COORDINACIÓN CARTERA Y PQRSD;PETICIONES;SOLICITUD CAJAS ESTACIONARIAS;2019;0;0;1;0;0;0;1;0;1;0;0;0;3
81;COLOMBIA;ANTIOQUIA;ENVIGADO;ENVIASEO E.S.P;DIRECCIÓN COMERCIAL;COORDINACIÓN CARTERA Y PQRSD;PETICIONES;SOLICITUD CANASTILLA PEATONAL;2019;3;2;4;0;2;1;3;4;1;1;0;0;21
82;COLOMBIA;ANTIOQUIA;ENVIGADO;ENVIASEO E.S.P;DIRECCIÓN COMERCIAL;COORDINACIÓN CARTERA Y PQRSD;PETICIONES;SOLICITUD CONTENEDORES;2019;8;2;4;2;4;2;9;5;8;7;5;3;59
83;COLOMBIA;ANTIOQUIA;ENVIGADO;ENVIASEO E.S.P;DIRECCIÓN COMERCIAL;COORDINACIÓN CARTERA Y PQRSD;PETICIONES;SOLICITUD CONTRATO CLIENTE NUEVO R.H;2019;19;28;32;19;31;24;24;25;24;25;13;14;278
84;COLOMBIA;ANTIOQUIA;ENVIGADO;ENVIASEO E.S.P;DIRECCIÓN COMERCIAL;COORDINACIÓN CARTERA Y PQRSD;PETICIONES;SOLICITUD INFORMACION;2019;5;3;2;5;5;7;10;6;10;10;5;5;73
85;COLOMBIA;ANTIOQUIA;ENVIGADO;ENVIASEO E.S.P;DIRECCIÓN COMERCIAL;COORDINACIÓN CARTERA Y PQRSD;PETICIONES;SOLICITUD RECOLECCION CLANDESTINO;2019;12;15;21;10;4;0;11;4;9;10;5;6;107
86;COLOMBIA;ANTIOQUIA;ENVIGADO;ENVIASEO E.S.P;DIRECCIÓN COMERCIAL;COORDINACIÓN CARTERA Y PQRSD;PETICIONES;SOLICITUD RECOLECCION ORDINARIA;2019;2;0;1;2;6;3;6;2;1;4;2;5;34
87;COLOMBIA;ANTIOQUIA;ENVIGADO;ENVIASEO E.S.P;DIRECCIÓN COMERCIAL;COORDINACIÓN CARTERA Y PQRSD;PETICIONES;SOLICITUD RECOLECCION R. H.;2019;1;3;3;2;2;5;11;2;5;16;2;8;60
88;COLOMBIA;ANTIOQUIA;ENVIGADO;ENVIASEO E.S.P;DIRECCIÓN COMERCIAL;COORDINACIÓN CARTERA Y PQRSD;PETICIONES;SOLICITUD RECOLECCION SERVICIO ESPECIAL;2019;57;64;61;37;52;44;62;38;44;64;32;40;595
89;COLOMBIA;ANTIOQUIA;ENVIGADO;ENVIASEO E.S.P;DIRECCIÓN COMERCIAL;COORDINACIÓN CARTERA Y PQRSD;QUEJAS;APROVECHAMIENTO;2019;0;0;0;0;0;0;0;0;5;4;0;2;11
90;COLOMBIA;ANTIOQUIA;ENVIGADO;ENVIASEO E.S.P;DIRECCIÓN COMERCIAL;COORDINACIÓN CARTERA Y PQRSD;QUEJAS;EL VEHICULO PASO Y NO RECOGIO LA BASURA;2019;0;0;1;0;1;1;0;1;1;1;0;1;7
91;COLOMBIA;ANTIOQUIA;ENVIGADO;ENVIASEO E.S.P;DIRECCIÓN COMERCIAL;COORDINACIÓN CARTERA Y PQRSD;QUEJAS;FUNCIONARIO AREA ADMINISTRATIVA;2019;0;0;0;0;0;0;0;0;0;1;0;0;1
92;COLOMBIA;ANTIOQUIA;ENVIGADO;ENVIASEO E.S.P;DIRECCIÓN COMERCIAL;COORDINACIÓN CARTERA Y PQRSD;QUEJAS;FUNCIONARIO AREA OPERATIVA;2019;0;1;1;1;0;2;1;1;2;3;0;1;13
93;COLOMBIA;ANTIOQUIA;ENVIGADO;ENVIASEO E.S.P;DIRECCIÓN COMERCIAL;COORDINACIÓN CARTERA Y PQRSD;QUEJAS;GENERACION DE RUIDO BARRIDO CON BLOWER;2019;1;0;0;0;0;0;1;0;0;0;1;0;3
94;COLOMBIA;ANTIOQUIA;ENVIGADO;ENVIASEO E.S.P;DIRECCIÓN COMERCIAL;COORDINACIÓN CARTERA Y PQRSD;QUEJAS;INCUMPLIMIENTO FREC RECOLECCION ORDINARI;2019;0;2;2;0;0;0;3;2;0;0;1;2;12
95;COLOMBIA;ANTIOQUIA;ENVIGADO;ENVIASEO E.S.P;DIRECCIÓN COMERCIAL;COORDINACIÓN CARTERA Y PQRSD;QUEJAS;INCUMPLIMIENTO FRECUENCIA DE BARRIDO;2019;9;3;7;3;4;5;2;4;4;3;5;1;50
96;COLOMBIA;ANTIOQUIA;ENVIGADO;ENVIASEO E.S.P;DIRECCIÓN COMERCIAL;COORDINACIÓN CARTERA Y PQRSD;QUEJAS;MAL BARRIDO MANUAL (ESCOBITAS);2019;2;0;1;2;0;0;4;2;4;0;1;0;16
97;COLOMBIA;ANTIOQUIA;ENVIGADO;ENVIASEO E.S.P;DIRECCIÓN COMERCIAL;COORDINACIÓN CARTERA Y PQRSD;QUEJAS;MAL BARRIDO MECANICO;2019;1;1;2;1;1;0;1;1;0;1;0;0;9
98;COLOMBIA;ANTIOQUIA;ENVIGADO;ENVIASEO E.S.P;DIRECCIÓN COMERCIAL;COORDINACIÓN CARTERA Y PQRSD;QUEJAS;MAL MANTENIMIENTO DE ZONAS VERDES;2019;0;0;0;0;1;1;0;0;0;1;0;0;3
99;COLOMBIA;ANTIOQUIA;ENVIGADO;ENVIASEO E.S.P;DIRECCIÓN COMERCIAL;COORDINACIÓN CARTERA Y PQRSD;QUEJAS;NO HAN RECOGIDO BOLSAS DE BARRIDO;2019;1;0;0;0;0;0;0;0;0;0;0;0;1
100;COLOMBIA;ANTIOQUIA;ENVIGADO;ENVIASEO E.S.P;DIRECCIÓN COMERCIAL;COORDINACIÓN CARTERA Y PQRSD;QUEJAS;RETRASO DEL VEHICULO RECOLECTOR;2019;0;0;0;0;0;0;1;1;0;0;0;0;2
101;COLOMBIA;ANTIOQUIA;ENVIGADO;ENVIASEO E.S.P;DIRECCIÓN COMERCIAL;COORDINACIÓN CARTERA Y PQRSD;RECLAMOS;AFORO EXTRAORDINARIO;2019;4;7;0;0;8;3;3;0;7;4;4;3;43
102;COLOMBIA;ANTIOQUIA;ENVIGADO;ENVIASEO E.S.P;DIRECCIÓN COMERCIAL;COORDINACIÓN CARTERA Y PQRSD;RECLAMOS;CAMBIO DE FACTURA LOCAL DESOCUPADO;2019;2;1;1;0;0;0;1;1;2;0;0;0;8
103;COLOMBIA;ANTIOQUIA;ENVIGADO;ENVIASEO E.S.P;DIRECCIÓN COMERCIAL;COORDINACIÓN CARTERA Y PQRSD;RECLAMOS;CAMBIO DE FACTURA POR DOBLE COBRO;2019;3;4;1;6;5;0;3;8;8;1;3;3;45
104;COLOMBIA;ANTIOQUIA;ENVIGADO;ENVIASEO E.S.P;DIRECCIÓN COMERCIAL;COORDINACIÓN CARTERA Y PQRSD;RECLAMOS;CAMBIO DE FACTURA POR RESULTADO DE AFORO;2019;1;1;0;0;1;1;3;0;0;0;0;2;9
105;COLOMBIA;ANTIOQUIA;ENVIGADO;ENVIASEO E.S.P;DIRECCIÓN COMERCIAL;COORDINACIÓN CARTERA Y PQRSD;RECLAMOS;CAMBIO DE FACTURA SERVICIO ESPECIAL EPM;2019;3;0;0;0;0;0;0;2;0;0;0;0;5
106;COLOMBIA;ANTIOQUIA;ENVIGADO;ENVIASEO E.S.P;DIRECCIÓN COMERCIAL;COORDINACIÓN CARTERA Y PQRSD;RECLAMOS;CAMBIO O DEVOLUCION DE FACTURA  ALTERADA;2019;5;2;3;6;3;6;2;0;1;2;1;2;33
107;COLOMBIA;ANTIOQUIA;ENVIGADO;ENVIASEO E.S.P;DIRECCIÓN COMERCIAL;COORDINACIÓN CARTERA Y PQRSD;RECLAMOS;DEVOLUCION POR AREAS COMUNES;2019;0;1;0;0;0;1;0;0;2;0;3;2;9
108;COLOMBIA;ANTIOQUIA;ENVIGADO;ENVIASEO E.S.P;DIRECCIÓN COMERCIAL;COORDINACIÓN CARTERA Y PQRSD;RECLAMOS;DEVOLUCION POR COBRO DE MAS DEL SER. ESP;2019;0;1;0;0;0;0;0;1;0;1;0;0;3
109;COLOMBIA;ANTIOQUIA;ENVIGADO;ENVIASEO E.S.P;DIRECCIÓN COMERCIAL;COORDINACIÓN CARTERA Y PQRSD;RECLAMOS;DEVOLUCION POR COBRO NO AUTORIZADO;2019;3;5;4;2;3;3;6;6;4;5;5;4;50
110;COLOMBIA;ANTIOQUIA;ENVIGADO;ENVIASEO E.S.P;DIRECCIÓN COMERCIAL;COORDINACIÓN CARTERA Y PQRSD;RECLAMOS;DEVOLUCION POR DOBLE COBRO;2019;16;7;12;15;17;11;18;17;16;15;13;14;171
111;COLOMBIA;ANTIOQUIA;ENVIGADO;ENVIASEO E.S.P;DIRECCIÓN COMERCIAL;COORDINACIÓN CARTERA Y PQRSD;RECLAMOS;DEVOLUCION POR LOCAL DESOCUPADO;2019;2;1;2;2;2;4;4;4;1;2;1;2;27
112;COLOMBIA;ANTIOQUIA;ENVIGADO;ENVIASEO E.S.P;DIRECCIÓN COMERCIAL;COORDINACIÓN CARTERA Y PQRSD;RECLAMOS;DEVOLUCION POR RESULTADO DE AFORO;2019;0;0;0;0;0;0;2;2;1;0;0;0;5
113;COLOMBIA;ANTIOQUIA;ENVIGADO;ENVIASEO E.S.P;DIRECCIÓN COMERCIAL;COORDINACIÓN CARTERA Y PQRSD;RECLAMOS;NOTAS CREDITOS Y DEBITOS;2019;3;0;0;0;1;0;1;1;0;1;0;0;7
114;COLOMBIA;ANTIOQUIA;ENVIGADO;ENVIASEO E.S.P;DIRECCIÓN COMERCIAL;COORDINACIÓN CARTERA Y PQRSD;RECLAMOS;RECLAMACION POR RECATEGORIZACION;2019;9;4;5;5;3;8;2;1;2;3;0;1;43
115;COLOMBIA;ANTIOQUIA;ENVIGADO;ENVIASEO E.S.P;DIRECCIÓN COMERCIAL;COORDINACIÓN CARTERA Y PQRSD;RECLAMOS;RECLAMO POR RETIRO DE CONTADOR;2019;27;31;24;19;22;11;16;16;11;15;13;14;219
116;COLOMBIA;ANTIOQUIA;ENVIGADO;ENVIASEO E.S.P;DIRECCIÓN COMERCIAL;COORDINACIÓN CARTERA Y PQRSD;RECLAMOS;RECURSO DE REPOSICION Y  APELACION;2019;2;3;2;2;2;0;4;3;0;0;1;1;20
117;COLOMBIA;ANTIOQUIA;ENVIGADO;ENVIASEO E.S.P;DIRECCIÓN COMERCIAL;COORDINACIÓN CARTERA Y PQRSD;RECLAMOS;VERIFICAR COBRO EN LA FACTURA;2019;6;11;11;4;4;2;9;3;2;2;4;1;59
118;COLOMBIA;ANTIOQUIA;ENVIGADO;ENVIASEO E.S.P;DIRECCIÓN COMERCIAL;COORDINACIÓN CARTERA Y PQRSD;PETICIONES;AFORO EXTRAORDINARIO MULTIUSUARIO;2020;0;0;1;0;0;0;0;0;1;0;1;0;3
119;COLOMBIA;ANTIOQUIA;ENVIGADO;ENVIASEO E.S.P;DIRECCIÓN COMERCIAL;COORDINACIÓN CARTERA Y PQRSD;PETICIONES;AFORO MULTIUSUARIO;2020;0;1;0;0;0;0;0;0;0;0;0;0;1
120;COLOMBIA;ANTIOQUIA;ENVIGADO;ENVIASEO E.S.P;DIRECCIÓN COMERCIAL;COORDINACIÓN CARTERA Y PQRSD;PETICIONES;AFORO SERVICIO ESPECIAL;2020;660;565;411;134;400;562;748;591;689;666;710;556;6,692
121;COLOMBIA;ANTIOQUIA;ENVIGADO;ENVIASEO E.S.P;DIRECCIÓN COMERCIAL;COORDINACIÓN CARTERA Y PQRSD;PETICIONES;ATENDER EVENTO O CABALGATA;2020;1;5;0;0;0;0;0;0;0;0;0;0;6
122;COLOMBIA;ANTIOQUIA;ENVIGADO;ENVIASEO E.S.P;DIRECCIÓN COMERCIAL;COORDINACIÓN CARTERA Y PQRSD;PETICIONES;CAMPAÑA EDUCATIVA;2020;7;11;7;2;2;2;1;1;5;5;6;4;53
123;COLOMBIA;ANTIOQUIA;ENVIGADO;ENVIASEO E.S.P;DIRECCIÓN COMERCIAL;COORDINACIÓN CARTERA Y PQRSD;PETICIONES;COTIZAR EVENTO ESPECIAL;2020;0;0;0;0;0;0;0;0;0;0;0;0;0
124;COLOMBIA;ANTIOQUIA;ENVIGADO;ENVIASEO E.S.P;DIRECCIÓN COMERCIAL;COORDINACIÓN CARTERA Y PQRSD;PETICIONES;DERECHO DE PETICION;2020;0;0;1;0;0;2;0;0;0;0;0;0;3
125;COLOMBIA;ANTIOQUIA;ENVIGADO;ENVIASEO E.S.P;DIRECCIÓN COMERCIAL;COORDINACIÓN CARTERA Y PQRSD;PETICIONES;DEVOLUCION DE CONTENEDORES;2020;1;1;0;0;0;0;0;0;0;0;0;0;2
126;COLOMBIA;ANTIOQUIA;ENVIGADO;ENVIASEO E.S.P;DIRECCIÓN COMERCIAL;COORDINACIÓN CARTERA Y PQRSD;PETICIONES;FACTURACION ASESORIAS AMBIENTALES;2020;1;0;1;0;0;4;0;0;0;0;2;1;9
127;COLOMBIA;ANTIOQUIA;ENVIGADO;ENVIASEO E.S.P;DIRECCIÓN COMERCIAL;COORDINACIÓN CARTERA Y PQRSD;PETICIONES;LUMINARIA APAGADA;2020;0;0;0;0;0;0;0;0;0;0;0;0;0
128;COLOMBIA;ANTIOQUIA;ENVIGADO;ENVIASEO E.S.P;DIRECCIÓN COMERCIAL;COORDINACIÓN CARTERA Y PQRSD;PETICIONES;MANTENIMIENTO DE CAJAS ESTACIONARIAS;2020;0;1;0;0;0;0;0;0;0;0;0;0;1
129;COLOMBIA;ANTIOQUIA;ENVIGADO;ENVIASEO E.S.P;DIRECCIÓN COMERCIAL;COORDINACIÓN CARTERA Y PQRSD;PETICIONES;MANTENIMIENTO DE CONTENEDORES;2020;0;0;1;0;0;0;0;0;0;0;0;0;1
130;COLOMBIA;ANTIOQUIA;ENVIGADO;ENVIASEO E.S.P;DIRECCIÓN COMERCIAL;COORDINACIÓN CARTERA Y PQRSD;PETICIONES;MANTENIMIENTO DE ZONAS VERDES;2020;0;0;0;0;0;0;0;0;0;0;0;0;0
131;COLOMBIA;ANTIOQUIA;ENVIGADO;ENVIASEO E.S.P;DIRECCIÓN COMERCIAL;COORDINACIÓN CARTERA Y PQRSD;PETICIONES;NOVEDADES IDENTIFICADAS POR ENVIASEO;2020;3;2;6;7;3;2;1;2;4;2;2;2;36
132;COLOMBIA;ANTIOQUIA;ENVIGADO;ENVIASEO E.S.P;DIRECCIÓN COMERCIAL;COORDINACIÓN CARTERA Y PQRSD;PETICIONES;NOVEDADES IDENTIFICADAS POR ENVIASEO;2020;0;0;0;0;0;0;0;0;0;0;0;0;0
133;COLOMBIA;ANTIOQUIA;ENVIGADO;ENVIASEO E.S.P;DIRECCIÓN COMERCIAL;COORDINACIÓN CARTERA Y PQRSD;PETICIONES;RETIRO CANASTILLA O CONTENEDOR;2020;1;3;1;0;2;0;0;1;0;0;0;0;8
134;COLOMBIA;ANTIOQUIA;ENVIGADO;ENVIASEO E.S.P;DIRECCIÓN COMERCIAL;COORDINACIÓN CARTERA Y PQRSD;PETICIONES;RETIRO CANASTILLA O CONTENEDOR;2020;0;0;0;0;0;0;0;0;0;0;0;0;0
135;COLOMBIA;ANTIOQUIA;ENVIGADO;ENVIASEO E.S.P;DIRECCIÓN COMERCIAL;COORDINACIÓN CARTERA Y PQRSD;PETICIONES;RETIRO DE RUTA HOSPITALARIA;2020;18;8;4;4;4;15;7;2;3;0;0;0;65
136;COLOMBIA;ANTIOQUIA;ENVIGADO;ENVIASEO E.S.P;DIRECCIÓN COMERCIAL;COORDINACIÓN CARTERA Y PQRSD;PETICIONES;RETIRO DE RUTA HOSPITALARIA;2020;0;0;0;0;0;0;0;0;0;0;0;0;0
137;COLOMBIA;ANTIOQUIA;ENVIGADO;ENVIASEO E.S.P;DIRECCIÓN COMERCIAL;COORDINACIÓN CARTERA Y PQRSD;PETICIONES;RETIRO DEL SERVICIO ORDINARIO O ESPECIAL;2020;0;1;0;0;0;0;0;0;0;0;0;0;1
138;COLOMBIA;ANTIOQUIA;ENVIGADO;ENVIASEO E.S.P;DIRECCIÓN COMERCIAL;COORDINACIÓN CARTERA Y PQRSD;PETICIONES;SERVICIO ESPECIAL RUTA HOSPITALARIA;2020;43;42;28;24;29;24;27;57;33;45;44;22;418
139;COLOMBIA;ANTIOQUIA;ENVIGADO;ENVIASEO E.S.P;DIRECCIÓN COMERCIAL;COORDINACIÓN CARTERA Y PQRSD;PETICIONES;SERVICIO ESPECIAL RUTA HOSPITALARIA;2020;0;0;0;0;0;0;0;0;0;0;0;0;0
140;COLOMBIA;ANTIOQUIA;ENVIGADO;ENVIASEO E.S.P;DIRECCIÓN COMERCIAL;COORDINACIÓN CARTERA Y PQRSD;PETICIONES;SOLICITUD BARRIDO;2020;0;0;0;0;0;0;0;0;0;0;0;0;0
141;COLOMBIA;ANTIOQUIA;ENVIGADO;ENVIASEO E.S.P;DIRECCIÓN COMERCIAL;COORDINACIÓN CARTERA Y PQRSD;PETICIONES;SOLICITUD CAJAS ESTACIONARIAS;2020;0;0;0;0;0;0;0;0;0;0;0;0;0
142;COLOMBIA;ANTIOQUIA;ENVIGADO;ENVIASEO E.S.P;DIRECCIÓN COMERCIAL;COORDINACIÓN CARTERA Y PQRSD;PETICIONES;SOLICITUD CANASTILLA PEATONAL;2020;3;4;1;0;1;0;0;2;0;0;0;1;12
143;COLOMBIA;ANTIOQUIA;ENVIGADO;ENVIASEO E.S.P;DIRECCIÓN COMERCIAL;COORDINACIÓN CARTERA Y PQRSD;PETICIONES;SOLICITUD CONTENEDORES;2020;3;2;5;1;0;0;0;0;0;0;0;0;11
144;COLOMBIA;ANTIOQUIA;ENVIGADO;ENVIASEO E.S.P;DIRECCIÓN COMERCIAL;COORDINACIÓN CARTERA Y PQRSD;PETICIONES;SOLICITUD CONTRATO CLIENTE NUEVO R.H;2020;10;1;0;0;0;0;0;0;0;0;0;0;11
145;COLOMBIA;ANTIOQUIA;ENVIGADO;ENVIASEO E.S.P;DIRECCIÓN COMERCIAL;COORDINACIÓN CARTERA Y PQRSD;PETICIONES;SOLICITUD FELICITACIONES;2020;0;0;0;0;0;0;0;0;0;0;0;0;0
146;COLOMBIA;ANTIOQUIA;ENVIGADO;ENVIASEO E.S.P;DIRECCIÓN COMERCIAL;COORDINACIÓN CARTERA Y PQRSD;PETICIONES;SOLICITUD INFORMACION;2020;2;6;4;4;11;4;11;6;12;7;5;4;76
147;COLOMBIA;ANTIOQUIA;ENVIGADO;ENVIASEO E.S.P;DIRECCIÓN COMERCIAL;COORDINACIÓN CARTERA Y PQRSD;PETICIONES;SOLICITUD RECOLECCION CLANDESTINO;2020;5;13;11;1;1;1;0;1;2;2;0;0;37
148;COLOMBIA;ANTIOQUIA;ENVIGADO;ENVIASEO E.S.P;DIRECCIÓN COMERCIAL;COORDINACIÓN CARTERA Y PQRSD;PETICIONES;SOLICITUD RECOLECCION ORDINARIA;2020;2;1;0;1;0;0;0;1;0;2;0;0;7
149;COLOMBIA;ANTIOQUIA;ENVIGADO;ENVIASEO E.S.P;DIRECCIÓN COMERCIAL;COORDINACIÓN CARTERA Y PQRSD;PETICIONES;SOLICITUD RECOLECCION R. H.;2020;22;21;6;4;3;1;8;0;0;1;1;0;67
150;COLOMBIA;ANTIOQUIA;ENVIGADO;ENVIASEO E.S.P;DIRECCIÓN COMERCIAL;COORDINACIÓN CARTERA Y PQRSD;PETICIONES;SOLICITUD RECOLECCION SERVICIO ESPECIAL;2020;36;37;28;18;24;39;42;37;45;37;28;21;392
151;COLOMBIA;ANTIOQUIA;ENVIGADO;ENVIASEO E.S.P;DIRECCIÓN COMERCIAL;COORDINACIÓN CARTERA Y PQRSD;QUEJAS;APROVECHAMIENTO;2020;1;0;0;2;1;0;1;0;0;0;0;0;5
152;COLOMBIA;ANTIOQUIA;ENVIGADO;ENVIASEO E.S.P;DIRECCIÓN COMERCIAL;COORDINACIÓN CARTERA Y PQRSD;QUEJAS;DERRAME DE LIXIVIADO;2020;0;0;2;0;0;0;0;0;0;0;0;0;2
153;COLOMBIA;ANTIOQUIA;ENVIGADO;ENVIASEO E.S.P;DIRECCIÓN COMERCIAL;COORDINACIÓN CARTERA Y PQRSD;QUEJAS;EL VEHICULO PASO Y NO RECOGIO LA BASURA;2020;1;1;3;0;2;0;0;0;0;0;0;0;7
154;COLOMBIA;ANTIOQUIA;ENVIGADO;ENVIASEO E.S.P;DIRECCIÓN COMERCIAL;COORDINACIÓN CARTERA Y PQRSD;QUEJAS;FUNCIONARIO AREA OPERATIVA;2020;2;5;1;1;0;2;0;0;0;0;0;1;12
155;COLOMBIA;ANTIOQUIA;ENVIGADO;ENVIASEO E.S.P;DIRECCIÓN COMERCIAL;COORDINACIÓN CARTERA Y PQRSD;QUEJAS;GENERACION DE RUIDO BARRIDO CON BLOWER;2020;1;0;1;0;0;0;0;1;0;0;1;0;4
156;COLOMBIA;ANTIOQUIA;ENVIGADO;ENVIASEO E.S.P;DIRECCIÓN COMERCIAL;COORDINACIÓN CARTERA Y PQRSD;QUEJAS;INCUMPLIMIENTO FREC RECOLECCION ORDINARI;2020;2;3;0;0;0;1;0;0;0;0;0;0;6
157;COLOMBIA;ANTIOQUIA;ENVIGADO;ENVIASEO E.S.P;DIRECCIÓN COMERCIAL;COORDINACIÓN CARTERA Y PQRSD;QUEJAS;INCUMPLIMIENTO FRECUENCIA DE BARRIDO;2020;3;8;1;1;1;1;0;1;0;2;2;0;20
158;COLOMBIA;ANTIOQUIA;ENVIGADO;ENVIASEO E.S.P;DIRECCIÓN COMERCIAL;COORDINACIÓN CARTERA Y PQRSD;QUEJAS;MAL BARRIDO MANUAL (ESCOBITAS);2020;0;0;0;0;0;0;1;0;0;0;0;1;2
159;COLOMBIA;ANTIOQUIA;ENVIGADO;ENVIASEO E.S.P;DIRECCIÓN COMERCIAL;COORDINACIÓN CARTERA Y PQRSD;QUEJAS;MAL BARRIDO MECANICO;2020;1;1;0;0;0;2;1;1;0;1;0;0;7
160;COLOMBIA;ANTIOQUIA;ENVIGADO;ENVIASEO E.S.P;DIRECCIÓN COMERCIAL;COORDINACIÓN CARTERA Y PQRSD;QUEJAS;NO HAN RECOGIDO BOLSAS DE BARRIDO;2020;0;1;0;0;0;1;0;0;0;0;0;0;2
161;COLOMBIA;ANTIOQUIA;ENVIGADO;ENVIASEO E.S.P;DIRECCIÓN COMERCIAL;COORDINACIÓN CARTERA Y PQRSD;RECLAMOS;AFORO EXTRAORDINARIO;2020;3;3;6;0;0;0;3;2;4;1;1;3;26
162;COLOMBIA;ANTIOQUIA;ENVIGADO;ENVIASEO E.S.P;DIRECCIÓN COMERCIAL;COORDINACIÓN CARTERA Y PQRSD;RECLAMOS;CAMBIO DE FACTURA LOCAL DESOCUPADO;2020;22;17;11;5;10;24;41;28;35;20;11;11;235
163;COLOMBIA;ANTIOQUIA;ENVIGADO;ENVIASEO E.S.P;DIRECCIÓN COMERCIAL;COORDINACIÓN CARTERA Y PQRSD;RECLAMOS;CAMBIO DE FACTURA POR DOBLE COBRO;2020;0;1;0;2;0;0;0;0;0;1;0;2;6
164;COLOMBIA;ANTIOQUIA;ENVIGADO;ENVIASEO E.S.P;DIRECCIÓN COMERCIAL;COORDINACIÓN CARTERA Y PQRSD;RECLAMOS;CAMBIO DE FACTURA POR RESULTADO DE AFORO;2020;3;5;0;1;1;3;3;8;0;0;1;0;25
165;COLOMBIA;ANTIOQUIA;ENVIGADO;ENVIASEO E.S.P;DIRECCIÓN COMERCIAL;COORDINACIÓN CARTERA Y PQRSD;RECLAMOS;CAMBIO DE FACTURA POR VALLA PUBLICITARI;2020;0;0;0;1;0;0;1;0;0;0;0;0;2
166;COLOMBIA;ANTIOQUIA;ENVIGADO;ENVIASEO E.S.P;DIRECCIÓN COMERCIAL;COORDINACIÓN CARTERA Y PQRSD;RECLAMOS;CAMBIO DE FACTURA SERVICIO ESPECIAL EPM;2020;1;2;3;0;0;3;0;0;1;1;2;1;14
167;COLOMBIA;ANTIOQUIA;ENVIGADO;ENVIASEO E.S.P;DIRECCIÓN COMERCIAL;COORDINACIÓN CARTERA Y PQRSD;RECLAMOS;CAMBIO O DEVOLUCION DE FACTURA  ALTERADA;2020;0;0;0;0;2;0;1;0;0;1;1;1;6
168;COLOMBIA;ANTIOQUIA;ENVIGADO;ENVIASEO E.S.P;DIRECCIÓN COMERCIAL;COORDINACIÓN CARTERA Y PQRSD;RECLAMOS;DEVOLUCION POR AREAS COMUNES;2020;3;3;1;0;6;2;2;0;2;1;1;1;22
169;COLOMBIA;ANTIOQUIA;ENVIGADO;ENVIASEO E.S.P;DIRECCIÓN COMERCIAL;COORDINACIÓN CARTERA Y PQRSD;RECLAMOS;DEVOLUCION POR COBRO DE MAS DEL SER. ESP;2020;0;0;1;0;2;1;1;0;0;1;0;2;8
170;COLOMBIA;ANTIOQUIA;ENVIGADO;ENVIASEO E.S.P;DIRECCIÓN COMERCIAL;COORDINACIÓN CARTERA Y PQRSD;RECLAMOS;DEVOLUCION POR COBRO NO AUTORIZADO;2020;0;0;0;1;1;1;0;1;0;0;0;0;4
171;COLOMBIA;ANTIOQUIA;ENVIGADO;ENVIASEO E.S.P;DIRECCIÓN COMERCIAL;COORDINACIÓN CARTERA Y PQRSD;RECLAMOS;DEVOLUCION POR DOBLE COBRO;2020;3;2;4;1;0;1;1;3;1;1;0;0;17
172;COLOMBIA;ANTIOQUIA;ENVIGADO;ENVIASEO E.S.P;DIRECCIÓN COMERCIAL;COORDINACIÓN CARTERA Y PQRSD;RECLAMOS;DEVOLUCION POR LOCAL DESOCUPADO;2020;0;3;1;0;6;5;6;8;4;3;6;4;46
173;COLOMBIA;ANTIOQUIA;ENVIGADO;ENVIASEO E.S.P;DIRECCIÓN COMERCIAL;COORDINACIÓN CARTERA Y PQRSD;RECLAMOS;DEVOLUCION POR RESULTADO DE AFORO;2020;0;0;2;0;0;0;1;0;0;0;0;1;4
174;COLOMBIA;ANTIOQUIA;ENVIGADO;ENVIASEO E.S.P;DIRECCIÓN COMERCIAL;COORDINACIÓN CARTERA Y PQRSD;RECLAMOS;NOTAS CREDITOS Y DEBITOS;2020;5;4;0;1;6;2;10;13;7;16;68;8;140
175;COLOMBIA;ANTIOQUIA;ENVIGADO;ENVIASEO E.S.P;DIRECCIÓN COMERCIAL;COORDINACIÓN CARTERA Y PQRSD;RECLAMOS;RECLAMACION POR RECATEGORIZACION;2020;21;13;7;9;13;14;16;18;25;22;13;13;184
176;COLOMBIA;ANTIOQUIA;ENVIGADO;ENVIASEO E.S.P;DIRECCIÓN COMERCIAL;COORDINACIÓN CARTERA Y PQRSD;RECLAMOS;RECLAMO POR RETIRO DE CONTADOR;2020;2;5;0;1;0;1;0;0;2;1;0;0;12
177;COLOMBIA;ANTIOQUIA;ENVIGADO;ENVIASEO E.S.P;DIRECCIÓN COMERCIAL;COORDINACIÓN CARTERA Y PQRSD;RECLAMOS;VERIFICAR COBRO EN LA FACTURA;2020;1;1;1;1;1;0;0;0;1;1;1;1;9
178;COLOMBIA;ANTIOQUIA;ENVIGADO;ENVIASEO E.S.P;DIRECCIÓN COMERCIAL;COORDINACIÓN CARTERA Y PQRSD;PETICIONES;AFORO EXTRAORDINARIO MULTIUSUARIO;2021;0;1;0;0;0;0;0;0;1;0;0;0;2
179;COLOMBIA;ANTIOQUIA;ENVIGADO;ENVIASEO E.S.P;DIRECCIÓN COMERCIAL;COORDINACIÓN CARTERA Y PQRSD;PETICIONES;AFORO MULTIUSUARIO;2021;0;1;0;0;0;0;0;0;1;0;0;0;2
180;COLOMBIA;ANTIOQUIA;ENVIGADO;ENVIASEO E.S.P;DIRECCIÓN COMERCIAL;COORDINACIÓN CARTERA Y PQRSD;PETICIONES;AFORO SERVICIO ESPECIAL;2021;591;598;654;529;498;575;544;595;597;514;589;555;6,839
181;COLOMBIA;ANTIOQUIA;ENVIGADO;ENVIASEO E.S.P;DIRECCIÓN COMERCIAL;COORDINACIÓN CARTERA Y PQRSD;PETICIONES;ATENDER EVENTO O CABALGATA;2021;0;0;2;0;0;0;0;0;0;0;0;0;2
182;COLOMBIA;ANTIOQUIA;ENVIGADO;ENVIASEO E.S.P;DIRECCIÓN COMERCIAL;COORDINACIÓN CARTERA Y PQRSD;PETICIONES;CAMPAÑA EDUCATIVA;2021;5;5;6;5;1;7;8;9;6;5;2;7;66
183;COLOMBIA;ANTIOQUIA;ENVIGADO;ENVIASEO E.S.P;DIRECCIÓN COMERCIAL;COORDINACIÓN CARTERA Y PQRSD;PETICIONES;DERECHO DE PETICION;2021;1;1;1;0;0;0;0;0;0;0;1;0;4
184;COLOMBIA;ANTIOQUIA;ENVIGADO;ENVIASEO E.S.P;DIRECCIÓN COMERCIAL;COORDINACIÓN CARTERA Y PQRSD;PETICIONES;FACTURACION ASESORIAS AMBIENTALES;2021;1;0;0;0;0;0;0;1;0;1;0;0;3
185;COLOMBIA;ANTIOQUIA;ENVIGADO;ENVIASEO E.S.P;DIRECCIÓN COMERCIAL;COORDINACIÓN CARTERA Y PQRSD;PETICIONES;MANTENIMIENTO DE ZONAS VERDES;2021;0;0;1;0;0;0;0;0;0;0;0;0;1
186;COLOMBIA;ANTIOQUIA;ENVIGADO;ENVIASEO E.S.P;DIRECCIÓN COMERCIAL;COORDINACIÓN CARTERA Y PQRSD;PETICIONES;NOVEDADES IDENTIFICADAS POR ENVIASEO;2021;1;1;4;2;1;7;3;2;2;1;3;1;28
187;COLOMBIA;ANTIOQUIA;ENVIGADO;ENVIASEO E.S.P;DIRECCIÓN COMERCIAL;COORDINACIÓN CARTERA Y PQRSD;PETICIONES;RETIRO DE RUTA HOSPITALARIA;2021;1;0;1;6;0;0;0;0;0;1;1;0;10
188;COLOMBIA;ANTIOQUIA;ENVIGADO;ENVIASEO E.S.P;DIRECCIÓN COMERCIAL;COORDINACIÓN CARTERA Y PQRSD;PETICIONES;SERVICIO ESPECIAL RUTA HOSPITALARIA;2021;29;38;35;30;34;45;38;41;58;49;62;55;514
189;COLOMBIA;ANTIOQUIA;ENVIGADO;ENVIASEO E.S.P;DIRECCIÓN COMERCIAL;COORDINACIÓN CARTERA Y PQRSD;PETICIONES;SOLICITUD BARRIDO;2021;0;0;0;1;0;0;0;0;0;0;0;0;1
190;COLOMBIA;ANTIOQUIA;ENVIGADO;ENVIASEO E.S.P;DIRECCIÓN COMERCIAL;COORDINACIÓN CARTERA Y PQRSD;PETICIONES;SOLICITUD CAJAS ESTACIONARIAS;2021;0;1;0;0;0;0;0;0;0;0;0;0;1
191;COLOMBIA;ANTIOQUIA;ENVIGADO;ENVIASEO E.S.P;DIRECCIÓN COMERCIAL;COORDINACIÓN CARTERA Y PQRSD;PETICIONES;SOLICITUD CANASTILLA PEATONAL;2021;0;0;0;0;0;0;0;0;1;1;0;0;2
192;COLOMBIA;ANTIOQUIA;ENVIGADO;ENVIASEO E.S.P;DIRECCIÓN COMERCIAL;COORDINACIÓN CARTERA Y PQRSD;PETICIONES;SOLICITUD CONTENEDORES;2021;0;1;0;0;0;0;0;0;0;0;0;0;1
193;COLOMBIA;ANTIOQUIA;ENVIGADO;ENVIASEO E.S.P;DIRECCIÓN COMERCIAL;COORDINACIÓN CARTERA Y PQRSD;PETICIONES;SOLICITUD CONTRATO CLIENTE NUEVO R.H;2021;0;0;0;0;0;0;0;1;0;0;0;0;1
194;COLOMBIA;ANTIOQUIA;ENVIGADO;ENVIASEO E.S.P;DIRECCIÓN COMERCIAL;COORDINACIÓN CARTERA Y PQRSD;PETICIONES;SOLICITUD INFORMACION;2021;3;5;5;10;6;6;3;4;2;1;8;9;62
195;COLOMBIA;ANTIOQUIA;ENVIGADO;ENVIASEO E.S.P;DIRECCIÓN COMERCIAL;COORDINACIÓN CARTERA Y PQRSD;PETICIONES;SOLICITUD RECOLECCION CLANDESTINO;2021;0;0;1;0;0;1;0;0;0;0;0;1;3
196;COLOMBIA;ANTIOQUIA;ENVIGADO;ENVIASEO E.S.P;DIRECCIÓN COMERCIAL;COORDINACIÓN CARTERA Y PQRSD;PETICIONES;SOLICITUD RECOLECCION ORDINARIA;2021;0;3;1;2;1;1;1;2;0;0;0;0;11
197;COLOMBIA;ANTIOQUIA;ENVIGADO;ENVIASEO E.S.P;DIRECCIÓN COMERCIAL;COORDINACIÓN CARTERA Y PQRSD;PETICIONES;SOLICITUD RECOLECCION R. H.;2021;0;1;0;0;1;2;6;2;0;0;1;0;13
198;COLOMBIA;ANTIOQUIA;ENVIGADO;ENVIASEO E.S.P;DIRECCIÓN COMERCIAL;COORDINACIÓN CARTERA Y PQRSD;PETICIONES;SOLICITUD RECOLECCION SERVICIO ESPECIAL;2021;16;26;24;11;20;18;17;22;19;22;16;18;229
199;COLOMBIA;ANTIOQUIA;ENVIGADO;ENVIASEO E.S.P;DIRECCIÓN COMERCIAL;COORDINACIÓN CARTERA Y PQRSD;QUEJAS;APROVECHAMIENTO;2021;0;1;0;0;0;0;4;0;2;0;0;0;7
200;COLOMBIA;ANTIOQUIA;ENVIGADO;ENVIASEO E.S.P;DIRECCIÓN COMERCIAL;COORDINACIÓN CARTERA Y PQRSD;QUEJAS;EL VEHICULO PASO Y NO RECOGIO LA BASURA;2021;0;0;0;0;0;0;1;0;0;0;0;0;1
201;COLOMBIA;ANTIOQUIA;ENVIGADO;ENVIASEO E.S.P;DIRECCIÓN COMERCIAL;COORDINACIÓN CARTERA Y PQRSD;QUEJAS;FUNCIONARIO AREA OPERATIVA;2021;0;1;3;0;0;1;0;3;1;0;0;0;9
202;COLOMBIA;ANTIOQUIA;ENVIGADO;ENVIASEO E.S.P;DIRECCIÓN COMERCIAL;COORDINACIÓN CARTERA Y PQRSD;QUEJAS;GENERACION DE RUIDO BARRIDO CON BLOWER;2021;0;0;0;0;0;2;1;0;0;0;0;0;3
203;COLOMBIA;ANTIOQUIA;ENVIGADO;ENVIASEO E.S.P;DIRECCIÓN COMERCIAL;COORDINACIÓN CARTERA Y PQRSD;QUEJAS;INCUMPLIMIENTO FREC RECOLECCION ORDINARI;2021;0;0;1;0;0;0;0;0;1;0;0;0;2
204;COLOMBIA;ANTIOQUIA;ENVIGADO;ENVIASEO E.S.P;DIRECCIÓN COMERCIAL;COORDINACIÓN CARTERA Y PQRSD;QUEJAS;INCUMPLIMIENTO FRECUENCIA DE BARRIDO;2021;0;1;1;4;2;1;2;3;2;2;3;2;23
205;COLOMBIA;ANTIOQUIA;ENVIGADO;ENVIASEO E.S.P;DIRECCIÓN COMERCIAL;COORDINACIÓN CARTERA Y PQRSD;QUEJAS;MAL BARRIDO MANUAL (ESCOBITAS);2021;0;0;1;0;0;0;1;0;0;0;1;0;3
206;COLOMBIA;ANTIOQUIA;ENVIGADO;ENVIASEO E.S.P;DIRECCIÓN COMERCIAL;COORDINACIÓN CARTERA Y PQRSD;QUEJAS;MAL BARRIDO MECANICO;2021;0;0;1;0;0;0;1;2;0;0;0;0;4
207;COLOMBIA;ANTIOQUIA;ENVIGADO;ENVIASEO E.S.P;DIRECCIÓN COMERCIAL;COORDINACIÓN CARTERA Y PQRSD;QUEJAS;NO HAN RECOGIDO BOLSAS DE BARRIDO;2021;0;0;0;0;0;0;1;1;0;0;0;0;2
208;COLOMBIA;ANTIOQUIA;ENVIGADO;ENVIASEO E.S.P;DIRECCIÓN COMERCIAL;COORDINACIÓN CARTERA Y PQRSD;RECLAMOS;AFORO EXTRAORDINARIO;2021;2;2;2;2;2;3;5;0;2;1;2;1;24
209;COLOMBIA;ANTIOQUIA;ENVIGADO;ENVIASEO E.S.P;DIRECCIÓN COMERCIAL;COORDINACIÓN CARTERA Y PQRSD;RECLAMOS;CAMBIO DE FACTURA LOCAL DESOCUPADO;2021;16;13;10;10;8;16;12;9;12;5;11;10;132
210;COLOMBIA;ANTIOQUIA;ENVIGADO;ENVIASEO E.S.P;DIRECCIÓN COMERCIAL;COORDINACIÓN CARTERA Y PQRSD;RECLAMOS;CAMBIO DE FACTURA POR DOBLE COBRO;2021;0;0;2;0;0;1;1;0;0;0;0;0;4
211;COLOMBIA;ANTIOQUIA;ENVIGADO;ENVIASEO E.S.P;DIRECCIÓN COMERCIAL;COORDINACIÓN CARTERA Y PQRSD;RECLAMOS;CAMBIO DE FACTURA POR RESULTADO DE AFORO;2021;0;1;1;1;0;2;0;0;0;0;0;1;6
212;COLOMBIA;ANTIOQUIA;ENVIGADO;ENVIASEO E.S.P;DIRECCIÓN COMERCIAL;COORDINACIÓN CARTERA Y PQRSD;RECLAMOS;CAMBIO DE FACTURA POR VALLA PUBLICITARI;2021;0;1;0;0;0;0;0;0;0;0;0;0;1
213;COLOMBIA;ANTIOQUIA;ENVIGADO;ENVIASEO E.S.P;DIRECCIÓN COMERCIAL;COORDINACIÓN CARTERA Y PQRSD;RECLAMOS;CAMBIO DE FACTURA SERVICIO ESPECIAL EPM;2021;0;0;0;0;0;1;0;2;1;0;0;0;4
214;COLOMBIA;ANTIOQUIA;ENVIGADO;ENVIASEO E.S.P;DIRECCIÓN COMERCIAL;COORDINACIÓN CARTERA Y PQRSD;RECLAMOS;CAMBIO O DEVOLUCION DE FACTURA  ALTERADA;2021;0;1;2;1;0;5;3;2;1;1;2;1;19
215;COLOMBIA;ANTIOQUIA;ENVIGADO;ENVIASEO E.S.P;DIRECCIÓN COMERCIAL;COORDINACIÓN CARTERA Y PQRSD;RECLAMOS;DEVOLUCION POR AREAS COMUNES;2021;0;1;0;1;1;1;0;3;1;2;1;0;11
216;COLOMBIA;ANTIOQUIA;ENVIGADO;ENVIASEO E.S.P;DIRECCIÓN COMERCIAL;COORDINACIÓN CARTERA Y PQRSD;RECLAMOS;DEVOLUCION POR COBRO DE MAS DEL SER. ESP;2021;1;1;0;0;0;0;0;0;2;1;0;0;5
217;COLOMBIA;ANTIOQUIA;ENVIGADO;ENVIASEO E.S.P;DIRECCIÓN COMERCIAL;COORDINACIÓN CARTERA Y PQRSD;RECLAMOS;DEVOLUCION POR COBRO NO AUTORIZADO;2021;0;1;0;1;0;0;0;0;0;0;4;1;7
218;COLOMBIA;ANTIOQUIA;ENVIGADO;ENVIASEO E.S.P;DIRECCIÓN COMERCIAL;COORDINACIÓN CARTERA Y PQRSD;RECLAMOS;DEVOLUCION POR DOBLE COBRO;2021;0;1;2;3;0;0;1;3;2;0;1;0;13
219;COLOMBIA;ANTIOQUIA;ENVIGADO;ENVIASEO E.S.P;DIRECCIÓN COMERCIAL;COORDINACIÓN CARTERA Y PQRSD;RECLAMOS;DEVOLUCION POR LOCAL DESOCUPADO;2021;2;4;2;4;3;2;3;2;2;1;0;0;25
220;COLOMBIA;ANTIOQUIA;ENVIGADO;ENVIASEO E.S.P;DIRECCIÓN COMERCIAL;COORDINACIÓN CARTERA Y PQRSD;RECLAMOS;DEVOLUCION POR RESULTADO DE AFORO;2021;0;0;0;0;1;0;0;0;0;2;0;0;3
221;COLOMBIA;ANTIOQUIA;ENVIGADO;ENVIASEO E.S.P;DIRECCIÓN COMERCIAL;COORDINACIÓN CARTERA Y PQRSD;RECLAMOS;NOTAS CREDITOS Y DEBITOS;2021;6;7;74;9;16;11;4;13;6;16;11;10;183
222;COLOMBIA;ANTIOQUIA;ENVIGADO;ENVIASEO E.S.P;DIRECCIÓN COMERCIAL;COORDINACIÓN CARTERA Y PQRSD;RECLAMOS;RECLAMACION POR RECATEGORIZACION;2021;13;13;2;9;16;13;10;9;15;6;7;13;126
223;COLOMBIA;ANTIOQUIA;ENVIGADO;ENVIASEO E.S.P;DIRECCIÓN COMERCIAL;COORDINACIÓN CARTERA Y PQRSD;RECLAMOS;RECLAMO POR RETIRO DE CONTADOR;2021;1;0;0;4;1;0;3;0;0;0;0;0;9
224;COLOMBIA;ANTIOQUIA;ENVIGADO;ENVIASEO E.S.P;DIRECCIÓN COMERCIAL;COORDINACIÓN CARTERA Y PQRSD;RECLAMOS;RECURSO DE REPOSICION;2021;0;0;0;0;0;1;0;0;0;0;0;0;1
225;COLOMBIA;ANTIOQUIA;ENVIGADO;ENVIASEO E.S.P;DIRECCIÓN COMERCIAL;COORDINACIÓN CARTERA Y PQRSD;RECLAMOS;RECURSO DE REPOSICION Y  APELACION;2021;0;0;2;0;0;1;0;0;0;0;0;0;3
226;COLOMBIA;ANTIOQUIA;ENVIGADO;ENVIASEO E.S.P;DIRECCIÓN COMERCIAL;COORDINACIÓN CARTERA Y PQRSD;RECLAMOS;VERIFICAR COBRO EN LA FACTURA;2021;2;1;0;1;0;1;1;0;0;0;2;2;10
227;COLOMBIA;ANTIOQUIA;ENVIGADO;ENVIASEO E.S.P;DIRECCIÓN COMERCIAL;COORDINACIÓN CARTERA Y PQRSD;PETICIONES;AFORO SERVICIO ESPECIAL;2022;548;546;575;523;531;461;503;567;484;455;527;486;6,206
228;COLOMBIA;ANTIOQUIA;ENVIGADO;ENVIASEO E.S.P;DIRECCIÓN COMERCIAL;COORDINACIÓN CARTERA Y PQRSD;PETICIONES;ATENDER EVENTO O CABALGATA;2022;1;2;1;0;0;0;0;2;0;0;0;0;6
229;COLOMBIA;ANTIOQUIA;ENVIGADO;ENVIASEO E.S.P;DIRECCIÓN COMERCIAL;COORDINACIÓN CARTERA Y PQRSD;PETICIONES;CAMPAÑA EDUCATIVA;2022;11;8;11;8;6;5;7;3;3;1;2;2;67
230;COLOMBIA;ANTIOQUIA;ENVIGADO;ENVIASEO E.S.P;DIRECCIÓN COMERCIAL;COORDINACIÓN CARTERA Y PQRSD;PETICIONES;COTIZAR EVENTO ESPECIAL;2022;0;0;0;1;0;0;0;0;1;1;0;0;3
231;COLOMBIA;ANTIOQUIA;ENVIGADO;ENVIASEO E.S.P;DIRECCIÓN COMERCIAL;COORDINACIÓN CARTERA Y PQRSD;PETICIONES;FACTURACION ASESORIAS AMBIENTALES;2022;1;1;0;0;0;1;0;1;0;0;0;0;4
232;COLOMBIA;ANTIOQUIA;ENVIGADO;ENVIASEO E.S.P;DIRECCIÓN COMERCIAL;COORDINACIÓN CARTERA Y PQRSD;PETICIONES;LUMINARIA APAGADA;2022;1;3;0;0;0;0;0;0;0;0;0;0;4
233;COLOMBIA;ANTIOQUIA;ENVIGADO;ENVIASEO E.S.P;DIRECCIÓN COMERCIAL;COORDINACIÓN CARTERA Y PQRSD;PETICIONES;NOVEDADES IDENTIFICADAS POR ENVIASEO;2022;1;2;2;3;3;1;2;2;2;1;3;1;23
234;COLOMBIA;ANTIOQUIA;ENVIGADO;ENVIASEO E.S.P;DIRECCIÓN COMERCIAL;COORDINACIÓN CARTERA Y PQRSD;PETICIONES;RETIRO DE RUTA HOSPITALARIA;2022;4;1;1;0;0;0;0;0;0;0;1;0;7
235;COLOMBIA;ANTIOQUIA;ENVIGADO;ENVIASEO E.S.P;DIRECCIÓN COMERCIAL;COORDINACIÓN CARTERA Y PQRSD;PETICIONES;SERVICIO ESPECIAL RUTA HOSPITALARIA;2022;43;59;64;50;45;41;48;43;53;40;54;54;594
236;COLOMBIA;ANTIOQUIA;ENVIGADO;ENVIASEO E.S.P;DIRECCIÓN COMERCIAL;COORDINACIÓN CARTERA Y PQRSD;PETICIONES;SOLICITUD BARRIDO;2022;1;0;0;0;0;0;1;0;0;0;0;0;2
237;COLOMBIA;ANTIOQUIA;ENVIGADO;ENVIASEO E.S.P;DIRECCIÓN COMERCIAL;COORDINACIÓN CARTERA Y PQRSD;PETICIONES;SOLICITUD CANASTILLA PEATONAL;2022;0;2;0;0;0;1;0;0;0;0;0;0;3
238;COLOMBIA;ANTIOQUIA;ENVIGADO;ENVIASEO E.S.P;DIRECCIÓN COMERCIAL;COORDINACIÓN CARTERA Y PQRSD;PETICIONES;SOLICITUD FELICITACIONES;2022;0;0;1;0;0;0;0;0;0;0;0;0;1
239;COLOMBIA;ANTIOQUIA;ENVIGADO;ENVIASEO E.S.P;DIRECCIÓN COMERCIAL;COORDINACIÓN CARTERA Y PQRSD;PETICIONES;SOLICITUD INFORMACION;2022;7;5;4;6;3;3;5;6;4;7;6;6;62
240;COLOMBIA;ANTIOQUIA;ENVIGADO;ENVIASEO E.S.P;DIRECCIÓN COMERCIAL;COORDINACIÓN CARTERA Y PQRSD;PETICIONES;SOLICITUD RECOLECCION CLANDESTINO;2022;0;1;0;0;0;0;3;0;5;1;0;1;11
241;COLOMBIA;ANTIOQUIA;ENVIGADO;ENVIASEO E.S.P;DIRECCIÓN COMERCIAL;COORDINACIÓN CARTERA Y PQRSD;PETICIONES;SOLICITUD RECOLECCION ORDINARIA;2022;0;0;1;0;0;1;0;0;0;0;0;0;2
242;COLOMBIA;ANTIOQUIA;ENVIGADO;ENVIASEO E.S.P;DIRECCIÓN COMERCIAL;COORDINACIÓN CARTERA Y PQRSD;PETICIONES;SOLICITUD RECOLECCION R. H.;2022;1;0;0;0;0;0;0;0;0;0;0;0;1
243;COLOMBIA;ANTIOQUIA;ENVIGADO;ENVIASEO E.S.P;DIRECCIÓN COMERCIAL;COORDINACIÓN CARTERA Y PQRSD;PETICIONES;SOLICITUD RECOLECCION SERVICIO ESPECIAL;2022;28;23;21;20;20;27;36;29;26;23;35;25;313
244;COLOMBIA;ANTIOQUIA;ENVIGADO;ENVIASEO E.S.P;DIRECCIÓN COMERCIAL;COORDINACIÓN CARTERA Y PQRSD;QUEJAS;APROVECHAMIENTO;2022;0;0;1;0;0;0;0;0;0;0;0;1;2
245;COLOMBIA;ANTIOQUIA;ENVIGADO;ENVIASEO E.S.P;DIRECCIÓN COMERCIAL;COORDINACIÓN CARTERA Y PQRSD;QUEJAS;DAÑO CONTENEDOR AL MOMENTO DE RECOGER;2022;0;0;0;0;0;0;0;0;0;0;0;1;1
246;COLOMBIA;ANTIOQUIA;ENVIGADO;ENVIASEO E.S.P;DIRECCIÓN COMERCIAL;COORDINACIÓN CARTERA Y PQRSD;QUEJAS;DERRAME DE LIXIVIADO;2022;0;0;0;0;1;0;0;0;0;0;0;0;1
247;COLOMBIA;ANTIOQUIA;ENVIGADO;ENVIASEO E.S.P;DIRECCIÓN COMERCIAL;COORDINACIÓN CARTERA Y PQRSD;QUEJAS;EL VEHICULO PASO Y NO RECOGIO LA BASURA;2022;0;0;0;0;0;1;0;0;0;0;0;0;1
248;COLOMBIA;ANTIOQUIA;ENVIGADO;ENVIASEO E.S.P;DIRECCIÓN COMERCIAL;COORDINACIÓN CARTERA Y PQRSD;QUEJAS;FUNCIONARIO AREA OPERATIVA;2022;0;0;1;0;1;1;1;0;0;0;1;0;5
249;COLOMBIA;ANTIOQUIA;ENVIGADO;ENVIASEO E.S.P;DIRECCIÓN COMERCIAL;COORDINACIÓN CARTERA Y PQRSD;QUEJAS;GENERACION DE RUIDO BARRIDO CON BLOWER;2022;0;0;1;0;2;0;1;0;0;0;0;0;4
250;COLOMBIA;ANTIOQUIA;ENVIGADO;ENVIASEO E.S.P;DIRECCIÓN COMERCIAL;COORDINACIÓN CARTERA Y PQRSD;QUEJAS;INCUMPLIMIENTO FREC RECOLECCION ORDINARI;2022;0;0;0;0;0;0;0;0;0;0;0;1;1
251;COLOMBIA;ANTIOQUIA;ENVIGADO;ENVIASEO E.S.P;DIRECCIÓN COMERCIAL;COORDINACIÓN CARTERA Y PQRSD;QUEJAS;INCUMPLIMIENTO FRECUENCIA DE BARRIDO;2022;1;1;1;3;7;3;2;3;0;1;2;3;27
252;COLOMBIA;ANTIOQUIA;ENVIGADO;ENVIASEO E.S.P;DIRECCIÓN COMERCIAL;COORDINACIÓN CARTERA Y PQRSD;QUEJAS;MAL BARRIDO MANUAL (ESCOBITAS);2022;2;3;0;2;1;2;0;1;1;0;0;1;13
253;COLOMBIA;ANTIOQUIA;ENVIGADO;ENVIASEO E.S.P;DIRECCIÓN COMERCIAL;COORDINACIÓN CARTERA Y PQRSD;QUEJAS;MAL BARRIDO MECANICO;2022;0;0;2;0;2;3;0;1;1;0;2;1;12
254;COLOMBIA;ANTIOQUIA;ENVIGADO;ENVIASEO E.S.P;DIRECCIÓN COMERCIAL;COORDINACIÓN CARTERA Y PQRSD;QUEJAS;NO HAN RECOGIDO BOLSAS DE BARRIDO;2022;0;0;0;0;0;0;0;1;0;0;0;1;2
255;COLOMBIA;ANTIOQUIA;ENVIGADO;ENVIASEO E.S.P;DIRECCIÓN COMERCIAL;COORDINACIÓN CARTERA Y PQRSD;QUEJAS;RETRASO DEL VEHICULO RECOLECTOR;2022;0;1;0;0;0;0;0;0;0;0;0;0;1
256;COLOMBIA;ANTIOQUIA;ENVIGADO;ENVIASEO E.S.P;DIRECCIÓN COMERCIAL;COORDINACIÓN CARTERA Y PQRSD;RECLAMOS;AFORO EXTRAORDINARIO;2022;0;0;1;9;0;2;1;3;0;3;2;0;21
257;COLOMBIA;ANTIOQUIA;ENVIGADO;ENVIASEO E.S.P;DIRECCIÓN COMERCIAL;COORDINACIÓN CARTERA Y PQRSD;RECLAMOS;CAMBIO DE FACTURA LOCAL DESOCUPADO;2022;8;5;7;8;7;9;7;7;4;4;6;2;74
258;COLOMBIA;ANTIOQUIA;ENVIGADO;ENVIASEO E.S.P;DIRECCIÓN COMERCIAL;COORDINACIÓN CARTERA Y PQRSD;RECLAMOS;CAMBIO DE FACTURA POR RESULTADO DE AFORO;2022;1;1;1;0;0;1;1;0;0;0;0;0;5
259;COLOMBIA;ANTIOQUIA;ENVIGADO;ENVIASEO E.S.P;DIRECCIÓN COMERCIAL;COORDINACIÓN CARTERA Y PQRSD;RECLAMOS;CAMBIO DE FACTURA SERVICIO ESPECIAL EPM;2022;1;1;3;0;1;1;2;1;3;1;0;0;14
260;COLOMBIA;ANTIOQUIA;ENVIGADO;ENVIASEO E.S.P;DIRECCIÓN COMERCIAL;COORDINACIÓN CARTERA Y PQRSD;RECLAMOS;CAMBIO O DEVOLUCION DE FACTURA  ALTERADA;2022;0;1;0;2;1;1;1;0;0;0;2;0;8
261;COLOMBIA;ANTIOQUIA;ENVIGADO;ENVIASEO E.S.P;DIRECCIÓN COMERCIAL;COORDINACIÓN CARTERA Y PQRSD;RECLAMOS;DEVOLUCION POR AREAS COMUNES;2022;0;0;1;2;0;1;2;0;1;1;0;0;8
262;COLOMBIA;ANTIOQUIA;ENVIGADO;ENVIASEO E.S.P;DIRECCIÓN COMERCIAL;COORDINACIÓN CARTERA Y PQRSD;RECLAMOS;DEVOLUCION POR COBRO DE MAS DEL SER. ESP;2022;0;1;0;0;0;0;1;0;0;0;0;0;2
263;COLOMBIA;ANTIOQUIA;ENVIGADO;ENVIASEO E.S.P;DIRECCIÓN COMERCIAL;COORDINACIÓN CARTERA Y PQRSD;RECLAMOS;DEVOLUCION POR COBRO NO AUTORIZADO;2022;0;0;0;1;0;0;0;0;1;3;0;0;5
264;COLOMBIA;ANTIOQUIA;ENVIGADO;ENVIASEO E.S.P;DIRECCIÓN COMERCIAL;COORDINACIÓN CARTERA Y PQRSD;RECLAMOS;DEVOLUCION POR DOBLE COBRO;2022;0;0;2;1;1;1;1;0;1;0;0;0;7
265;COLOMBIA;ANTIOQUIA;ENVIGADO;ENVIASEO E.S.P;DIRECCIÓN COMERCIAL;COORDINACIÓN CARTERA Y PQRSD;RECLAMOS;DEVOLUCION POR LOCAL DESOCUPADO;2022;0;0;0;1;2;1;0;0;0;0;0;0;4
266;COLOMBIA;ANTIOQUIA;ENVIGADO;ENVIASEO E.S.P;DIRECCIÓN COMERCIAL;COORDINACIÓN CARTERA Y PQRSD;RECLAMOS;DEVOLUCION POR RESULTADO DE AFORO;2022;1;0;0;0;0;0;0;0;0;0;0;0;1
267;COLOMBIA;ANTIOQUIA;ENVIGADO;ENVIASEO E.S.P;DIRECCIÓN COMERCIAL;COORDINACIÓN CARTERA Y PQRSD;RECLAMOS;NOTAS CREDITOS Y DEBITOS;2022;8;10;7;13;12;13;10;6;15;29;14;10;147
268;COLOMBIA;ANTIOQUIA;ENVIGADO;ENVIASEO E.S.P;DIRECCIÓN COMERCIAL;COORDINACIÓN CARTERA Y PQRSD;RECLAMOS;RECLAMACION POR RECATEGORIZACION;2022;7;9;13;9;20;9;6;14;10;12;4;2;115
269;COLOMBIA;ANTIOQUIA;ENVIGADO;ENVIASEO E.S.P;DIRECCIÓN COMERCIAL;COORDINACIÓN CARTERA Y PQRSD;RECLAMOS;RECLAMO POR RETIRO DE CONTADOR;2022;0;0;0;0;0;0;0;1;0;0;0;0;1
270;COLOMBIA;ANTIOQUIA;ENVIGADO;ENVIASEO E.S.P;DIRECCIÓN COMERCIAL;COORDINACIÓN CARTERA Y PQRSD;RECLAMOS;VERIFICAR COBRO EN LA FACTURA;2022;7;4;1;5;0;2;1;1;2;0;2;0;25
271;COLOMBIA;ANTIOQUIA;ENVIGADO;ENVIASEO E.S.P;DIRECCIÓN COMERCIAL;COORDINACIÓN CARTERA Y PQRSD;PETICIONES;AFORO EXTRAORDINARIO MULTIUSUARIO;2023;0;0;0;0;0;0;0;1;0;0;0;0;1
272;COLOMBIA;ANTIOQUIA;ENVIGADO;ENVIASEO E.S.P;DIRECCIÓN COMERCIAL;COORDINACIÓN CARTERA Y PQRSD;PETICIONES;AFORO MULTIUSUARIO;2023;494;457;475;382;444;419;402;419;359;400;428;0;4,679
273;COLOMBIA;ANTIOQUIA;ENVIGADO;ENVIASEO E.S.P;DIRECCIÓN COMERCIAL;COORDINACIÓN CARTERA Y PQRSD;PETICIONES;AFORO SERVICIO ESPECIAL;2023;0;1;0;1;0;1;1;2;0;0;1;340;347
274;COLOMBIA;ANTIOQUIA;ENVIGADO;ENVIASEO E.S.P;DIRECCIÓN COMERCIAL;COORDINACIÓN CARTERA Y PQRSD;PETICIONES;ATENDER EVENTO O CABALGATA;2023;6;9;13;5;10;7;11;7;8;2;4;0;82
275;COLOMBIA;ANTIOQUIA;ENVIGADO;ENVIASEO E.S.P;DIRECCIÓN COMERCIAL;COORDINACIÓN CARTERA Y PQRSD;PETICIONES;CAMPAÑA EDUCATIVA;2023;0;0;0;0;0;0;0;0;0;0;0;3;3
276;COLOMBIA;ANTIOQUIA;ENVIGADO;ENVIASEO E.S.P;DIRECCIÓN COMERCIAL;COORDINACIÓN CARTERA Y PQRSD;PETICIONES;COTIZAR EVENTO ESPECIAL;2023;0;0;0;0;0;0;0;0;0;0;0;0;0
277;COLOMBIA;ANTIOQUIA;ENVIGADO;ENVIASEO E.S.P;DIRECCIÓN COMERCIAL;COORDINACIÓN CARTERA Y PQRSD;PETICIONES;DERECHO DE PETICION;2023;0;0;0;0;0;0;0;0;0;0;0;0;0
278;COLOMBIA;ANTIOQUIA;ENVIGADO;ENVIASEO E.S.P;DIRECCIÓN COMERCIAL;COORDINACIÓN CARTERA Y PQRSD;PETICIONES;DEVOLUCION DE CONTENEDORES;2023;0;0;0;0;0;0;0;0;0;0;0;0;0
279;COLOMBIA;ANTIOQUIA;ENVIGADO;ENVIASEO E.S.P;DIRECCIÓN COMERCIAL;COORDINACIÓN CARTERA Y PQRSD;PETICIONES;FACTURACION ASESORIAS AMBIENTALES;2023;0;0;0;0;0;0;0;0;0;0;0;0;0
280;COLOMBIA;ANTIOQUIA;ENVIGADO;ENVIASEO E.S.P;DIRECCIÓN COMERCIAL;COORDINACIÓN CARTERA Y PQRSD;PETICIONES;LUMINARIA APAGADA;2023;0;0;0;0;0;0;0;0;0;0;0;0;0
281;COLOMBIA;ANTIOQUIA;ENVIGADO;ENVIASEO E.S.P;DIRECCIÓN COMERCIAL;COORDINACIÓN CARTERA Y PQRSD;PETICIONES;MANTENIMIENTO DE CAJAS ESTACIONARIAS;2023;0;0;0;0;0;0;0;0;0;0;0;0;0
282;COLOMBIA;ANTIOQUIA;ENVIGADO;ENVIASEO E.S.P;DIRECCIÓN COMERCIAL;COORDINACIÓN CARTERA Y PQRSD;PETICIONES;MANTENIMIENTO DE CONTENEDORES;2023;0;0;0;0;0;0;0;0;0;0;0;0;0
283;COLOMBIA;ANTIOQUIA;ENVIGADO;ENVIASEO E.S.P;DIRECCIÓN COMERCIAL;COORDINACIÓN CARTERA Y PQRSD;PETICIONES;MANTENIMIENTO DE ZONAS VERDES;2023;2;1;2;0;1;1;2;1;0;1;1;0;12
284;COLOMBIA;ANTIOQUIA;ENVIGADO;ENVIASEO E.S.P;DIRECCIÓN COMERCIAL;COORDINACIÓN CARTERA Y PQRSD;PETICIONES;NOVEDADES IDENTIFICADAS POR ENVIASEO;2023;0;0;0;0;0;0;0;0;0;0;0;1;1
285;COLOMBIA;ANTIOQUIA;ENVIGADO;ENVIASEO E.S.P;DIRECCIÓN COMERCIAL;COORDINACIÓN CARTERA Y PQRSD;PETICIONES;NOVEDADES IDENTIFICADAS POR ENVIASEO;2023;0;0;0;0;0;0;0;0;0;0;0;0;0
286;COLOMBIA;ANTIOQUIA;ENVIGADO;ENVIASEO E.S.P;DIRECCIÓN COMERCIAL;COORDINACIÓN CARTERA Y PQRSD;PETICIONES;RETIRO CANASTILLA O CONTENEDOR;2023;0;0;0;0;0;0;0;0;3;0;0;0;3
287;COLOMBIA;ANTIOQUIA;ENVIGADO;ENVIASEO E.S.P;DIRECCIÓN COMERCIAL;COORDINACIÓN CARTERA Y PQRSD;PETICIONES;RETIRO CANASTILLA O CONTENEDOR;2023;0;0;0;0;0;0;0;0;0;0;0;0;0
288;COLOMBIA;ANTIOQUIA;ENVIGADO;ENVIASEO E.S.P;DIRECCIÓN COMERCIAL;COORDINACIÓN CARTERA Y PQRSD;PETICIONES;RETIRO DE RUTA HOSPITALARIA;2023;2;0;0;1;0;0;0;0;0;0;0;0;3
289;COLOMBIA;ANTIOQUIA;ENVIGADO;ENVIASEO E.S.P;DIRECCIÓN COMERCIAL;COORDINACIÓN CARTERA Y PQRSD;PETICIONES;RETIRO DE RUTA HOSPITALARIA;2023;0;0;0;0;0;0;0;0;0;0;0;0;0
290;COLOMBIA;ANTIOQUIA;ENVIGADO;ENVIASEO E.S.P;DIRECCIÓN COMERCIAL;COORDINACIÓN CARTERA Y PQRSD;PETICIONES;RETIRO DEL SERVICIO ORDINARIO O ESPECIAL;2023;0;0;0;0;0;0;0;0;0;0;0;0;0
291;COLOMBIA;ANTIOQUIA;ENVIGADO;ENVIASEO E.S.P;DIRECCIÓN COMERCIAL;COORDINACIÓN CARTERA Y PQRSD;PETICIONES;SERVICIO ESPECIAL RUTA HOSPITALARIA;2023;65;41;48;47;69;58;36;46;51;56;43;46;606
292;COLOMBIA;ANTIOQUIA;ENVIGADO;ENVIASEO E.S.P;DIRECCIÓN COMERCIAL;COORDINACIÓN CARTERA Y PQRSD;PETICIONES;SOLICITUD INFORMACIÓN;2023;65;41;48;47;69;58;36;46;51;56;43;5;565
293;COLOMBIA;ANTIOQUIA;ENVIGADO;ENVIASEO E.S.P;DIRECCIÓN COMERCIAL;COORDINACIÓN CARTERA Y PQRSD;PETICIONES;SOLICITUD RECOLECCIÓN CLANDESTINA;2023;65;41;48;47;69;58;36;46;51;56;43;1;561
294;COLOMBIA;ANTIOQUIA;ENVIGADO;ENVIASEO E.S.P;DIRECCIÓN COMERCIAL;COORDINACIÓN CARTERA Y PQRSD;PETICIONES;SOLICITUD RECOLECCIÓN SERVICO ESPECIAL;2023;65;41;48;47;69;58;36;46;51;56;43;14;574
295;COLOMBIA;ANTIOQUIA;ENVIGADO;ENVIASEO E.S.P;DIRECCIÓN COMERCIAL;COORDINACIÓN CARTERA Y PQRSD;QUEJAS;APROVECHAMIENTO;2023;0;0;0;0;1;0;0;0;0;0;0;0;1
296;COLOMBIA;ANTIOQUIA;ENVIGADO;ENVIASEO E.S.P;DIRECCIÓN COMERCIAL;COORDINACIÓN CARTERA Y PQRSD;QUEJAS;FUNCIONARIO AREA OPERATIVA;2023;1;0;1;0;1;1;0;0;1;0;0;0;5
297;COLOMBIA;ANTIOQUIA;ENVIGADO;ENVIASEO E.S.P;DIRECCIÓN COMERCIAL;COORDINACIÓN CARTERA Y PQRSD;QUEJAS;GENERACION DE RUIDO BARRIDO CON BLOWER;2023;1;0;0;0;0;0;0;0;0;0;0;0;1
298;COLOMBIA;ANTIOQUIA;ENVIGADO;ENVIASEO E.S.P;DIRECCIÓN COMERCIAL;COORDINACIÓN CARTERA Y PQRSD;QUEJAS;INCUMPLIMIENTO FREC RECOLECCION ORDINARI;2023;0;0;0;0;1;0;0;0;0;0;0;0;1
299;COLOMBIA;ANTIOQUIA;ENVIGADO;ENVIASEO E.S.P;DIRECCIÓN COMERCIAL;COORDINACIÓN CARTERA Y PQRSD;QUEJAS;INCUMPLIMIENTO FRECUENCIA DE BARRIDO;2023;5;2;2;3;5;7;6;0;2;0;4;3;39
300;COLOMBIA;ANTIOQUIA;ENVIGADO;ENVIASEO E.S.P;DIRECCIÓN COMERCIAL;COORDINACIÓN CARTERA Y PQRSD;QUEJAS;EL VEI¿HICULO PASÓ Y N ORECOGIO LA BASURA;2023;5;2;2;3;5;7;6;0;2;0;4;1;37
301;COLOMBIA;ANTIOQUIA;ENVIGADO;ENVIASEO E.S.P;DIRECCIÓN COMERCIAL;COORDINACIÓN CARTERA Y PQRSD;QUEJAS;MAL BARRIDO MANUAL (ESCOBITAS);2023;0;2;1;1;2;1;1;1;0;1;0;2;12
302;COLOMBIA;ANTIOQUIA;ENVIGADO;ENVIASEO E.S.P;DIRECCIÓN COMERCIAL;COORDINACIÓN CARTERA Y PQRSD;QUEJAS;MAL BARRIDO MECANICO;2023;1;1;1;2;5;0;0;1;0;0;2;0;13
303;COLOMBIA;ANTIOQUIA;ENVIGADO;ENVIASEO E.S.P;DIRECCIÓN COMERCIAL;COORDINACIÓN CARTERA Y PQRSD;QUEJAS;MAL MANTENIMIENTO DE ZONAS VERDES;2023;0;0;0;0;0;0;1;0;0;0;0;0;1
304;COLOMBIA;ANTIOQUIA;ENVIGADO;ENVIASEO E.S.P;DIRECCIÓN COMERCIAL;COORDINACIÓN CARTERA Y PQRSD;QUEJAS;NO HAN RECOGIDO BOLSAS DE BARRIDO;2023;0;0;0;0;0;1;0;0;0;0;1;0;2
305;COLOMBIA;ANTIOQUIA;ENVIGADO;ENVIASEO E.S.P;DIRECCIÓN COMERCIAL;COORDINACIÓN CARTERA Y PQRSD;QUEJAS;RECOLECCIÓN DE RECICLAJE;2023;0;0;1;0;0;0;0;0;0;0;0;0;1
306;COLOMBIA;ANTIOQUIA;ENVIGADO;ENVIASEO E.S.P;DIRECCIÓN COMERCIAL;COORDINACIÓN CARTERA Y PQRSD;QUEJAS;RETRASO DEL VEHICULO RECOLECTOR;2023;0;0;0;1;0;0;0;0;0;0;0;0;1
307;COLOMBIA;ANTIOQUIA;ENVIGADO;ENVIASEO E.S.P;DIRECCIÓN COMERCIAL;COORDINACIÓN CARTERA Y PQRSD;RECLAMOS;AFORO EXTRAORDINARIO;2023;1;1;0;0;4;3;2;0;1;0;0;0;12
308;COLOMBIA;ANTIOQUIA;ENVIGADO;ENVIASEO E.S.P;DIRECCIÓN COMERCIAL;COORDINACIÓN CARTERA Y PQRSD;RECLAMOS;CAMBIO DE FACTURA LOCAL DESOCUPADO;2023;8;5;13;4;13;13;6;12;1;4;3;2;84
309;COLOMBIA;ANTIOQUIA;ENVIGADO;ENVIASEO E.S.P;DIRECCIÓN COMERCIAL;COORDINACIÓN CARTERA Y PQRSD;RECLAMOS;CAMBIO DE FACTURA POR DOBLE COBRO;2023;0;0;0;2;0;1;0;0;0;0;0;0;3
310;COLOMBIA;ANTIOQUIA;ENVIGADO;ENVIASEO E.S.P;DIRECCIÓN COMERCIAL;COORDINACIÓN CARTERA Y PQRSD;RECLAMOS;CAMBIO DE FACTURA POR RESULTADO DE AFORO;2023;0;1;0;0;0;2;2;0;0;1;0;1;7
311;COLOMBIA;ANTIOQUIA;ENVIGADO;ENVIASEO E.S.P;DIRECCIÓN COMERCIAL;COORDINACIÓN CARTERA Y PQRSD;RECLAMOS;CAMBIO DE FACTURA SERVICIO ESPECIAL EPM;2023;1;3;0;1;1;0;0;3;1;1;2;1;14
312;COLOMBIA;ANTIOQUIA;ENVIGADO;ENVIASEO E.S.P;DIRECCIÓN COMERCIAL;COORDINACIÓN CARTERA Y PQRSD;RECLAMOS;CAMBIO O DEVOLUCION DE FACTURA  ALTERADA;2023;0;0;0;0;4;3;4;2;0;1;2;2;18
313;COLOMBIA;ANTIOQUIA;ENVIGADO;ENVIASEO E.S.P;DIRECCIÓN COMERCIAL;COORDINACIÓN CARTERA Y PQRSD;RECLAMOS;DEVOLUCION POR AREAS COMUNES;2023;2;0;0;0;0;1;0;0;0;0;0;0;3
314;COLOMBIA;ANTIOQUIA;ENVIGADO;ENVIASEO E.S.P;DIRECCIÓN COMERCIAL;COORDINACIÓN CARTERA Y PQRSD;RECLAMOS;DEVOLUCION POR COBRO DE MAS DEL SER. ESP;2023;0;0;0;0;0;1;0;0;0;1;0;0;2
315;COLOMBIA;ANTIOQUIA;ENVIGADO;ENVIASEO E.S.P;DIRECCIÓN COMERCIAL;COORDINACIÓN CARTERA Y PQRSD;RECLAMOS;DEVOLUCION POR COBRO NO AUTORIZADO;2023;0;0;0;0;0;0;2;1;0;0;1;0;4
316;COLOMBIA;ANTIOQUIA;ENVIGADO;ENVIASEO E.S.P;DIRECCIÓN COMERCIAL;COORDINACIÓN CARTERA Y PQRSD;RECLAMOS;DEVOLUCION POR DOBLE COBRO;2023;0;1;0;0;0;0;0;1;0;0;0;0;2
317;COLOMBIA;ANTIOQUIA;ENVIGADO;ENVIASEO E.S.P;DIRECCIÓN COMERCIAL;COORDINACIÓN CARTERA Y PQRSD;RECLAMOS;DEVOLUCION POR LOCAL DESOCUPADO;2023;0;0;0;1;0;0;3;1;0;0;0;0;5
318;COLOMBIA;ANTIOQUIA;ENVIGADO;ENVIASEO E.S.P;DIRECCIÓN COMERCIAL;COORDINACIÓN CARTERA Y PQRSD;RECLAMOS;NOTAS CREDITOS Y DEBITOS;2023;7;9;13;5;8;9;28;12;12;7;7;8;125
319;COLOMBIA;ANTIOQUIA;ENVIGADO;ENVIASEO E.S.P;DIRECCIÓN COMERCIAL;COORDINACIÓN CARTERA Y PQRSD;RECLAMOS;RECLAMACION POR RECATEGORIZACION;2023;8;5;7;15;14;17;7;10;14;10;7;3;117
320;COLOMBIA;ANTIOQUIA;ENVIGADO;ENVIASEO E.S.P;DIRECCIÓN COMERCIAL;COORDINACIÓN CARTERA Y PQRSD;RECLAMOS;RECLAMO POR RETIRO DE CONTADOR;2023;0;0;0;3;3;1;0;1;0;0;0;0;8
321;COLOMBIA;ANTIOQUIA;ENVIGADO;ENVIASEO E.S.P;DIRECCIÓN COMERCIAL;COORDINACIÓN CARTERA Y PQRSD;RECLAMOS;VERIFICAR COBRO EN LA FACTURA;2023;0;1;0;0;2;1;2;0;1;0;2;0;9
